Source,Target,Type,Label
Local_Research_Node,Data In Transit,Directed,contains
Data In Transit,TLCP,Directed,carries
TLCP,GmSSL 3.1.2 Dev,Directed,implemented_by
GmSSL 3.1.2 Dev,ECC-SM2 / ECC_SM4_CBC_SM3 / SM2-with-SM3,Directed,negotiates
ECC-SM2 / ECC_SM4_CBC_SM3 / SM2-with-SM3,SM2,Directed,uses
ECC-SM2 / ECC_SM4_CBC_SM3 / SM2-with-SM3,SMS4,Directed,uses
ECC-SM2 / ECC_SM4_CBC_SM3 / SM2-with-SM3,SM3,Directed,uses
ECC-SM2 / ECC_SM4_CBC_SM3 / SM2-with-SM3,SM2,Directed,uses
ECC-SM2 / ECC_SM4_CBC_SM3 / SM2-with-SM3,SM3,Directed,uses
Local_Research_Node,Data In Transit,Directed,contains
Data In Transit,TLS 1.3,Directed,carries
TLS 1.3,OpenSSL 3.0.17,Directed,implemented_by
OpenSSL 3.0.17,ffdhe2048 / TLS_AES_128_GCM_SHA256 / ecdsa_secp521r1_sha512,Directed,negotiates
ffdhe2048 / TLS_AES_128_GCM_SHA256 / ecdsa_secp521r1_sha512,ffdhe2048_supported,Directed,uses
ffdhe2048 / TLS_AES_128_GCM_SHA256 / ecdsa_secp521r1_sha512,aes-128,Directed,uses
ffdhe2048 / TLS_AES_128_GCM_SHA256 / ecdsa_secp521r1_sha512,sha-256,Directed,uses
ffdhe2048 / TLS_AES_128_GCM_SHA256 / ecdsa_secp521r1_sha512,ecdsa_secp521r1,Directed,uses
ffdhe2048 / TLS_AES_128_GCM_SHA256 / ecdsa_secp521r1_sha512,sha-512,Directed,uses
Local_Research_Node,Data In Transit,Directed,contains
Data In Transit,TLS 1.3,Directed,carries
TLS 1.3,OpenSSL 3.0.17,Directed,implemented_by
OpenSSL 3.0.17,ffdhe2048 / TLS_AES_128_GCM_SHA256 / rsa_pss_rsae_sha256,Directed,negotiates
ffdhe2048 / TLS_AES_128_GCM_SHA256 / rsa_pss_rsae_sha256,ffdhe2048_supported,Directed,uses
ffdhe2048 / TLS_AES_128_GCM_SHA256 / rsa_pss_rsae_sha256,aes-128,Directed,uses
ffdhe2048 / TLS_AES_128_GCM_SHA256 / rsa_pss_rsae_sha256,sha-256,Directed,uses
ffdhe2048 / TLS_AES_128_GCM_SHA256 / rsa_pss_rsae_sha256,rsa-2048,Directed,uses
ffdhe2048 / TLS_AES_128_GCM_SHA256 / rsa_pss_rsae_sha256,sha-256,Directed,uses
Local_Research_Node,Data In Transit,Directed,contains
Data In Transit,TLS 1.3,Directed,carries
TLS 1.3,OpenSSL 3.0.17,Directed,implemented_by
OpenSSL 3.0.17,ffdhe2048 / TLS_AES_128_GCM_SHA256 / ed25519,Directed,negotiates
ffdhe2048 / TLS_AES_128_GCM_SHA256 / ed25519,ffdhe2048_supported,Directed,uses
ffdhe2048 / TLS_AES_128_GCM_SHA256 / ed25519,aes-128,Directed,uses
ffdhe2048 / TLS_AES_128_GCM_SHA256 / ed25519,sha-256,Directed,uses
ffdhe2048 / TLS_AES_128_GCM_SHA256 / ed25519,ed25519,Directed,uses
ffdhe2048 / TLS_AES_128_GCM_SHA256 / ed25519,sha-512,Directed,uses
Local_Research_Node,Data In Transit,Directed,contains
Data In Transit,TLS 1.3,Directed,carries
TLS 1.3,OpenSSL 3.0.17,Directed,implemented_by
OpenSSL 3.0.17,ffdhe2048 / TLS_AES_128_GCM_SHA256 / ecdsa_secp256r1_sha256,Directed,negotiates
ffdhe2048 / TLS_AES_128_GCM_SHA256 / ecdsa_secp256r1_sha256,ffdhe2048_supported,Directed,uses
ffdhe2048 / TLS_AES_128_GCM_SHA256 / ecdsa_secp256r1_sha256,aes-128,Directed,uses
ffdhe2048 / TLS_AES_128_GCM_SHA256 / ecdsa_secp256r1_sha256,sha-256,Directed,uses
ffdhe2048 / TLS_AES_128_GCM_SHA256 / ecdsa_secp256r1_sha256,ecdsa_secp256r1,Directed,uses
ffdhe2048 / TLS_AES_128_GCM_SHA256 / ecdsa_secp256r1_sha256,sha-256,Directed,uses
Local_Research_Node,Data In Transit,Directed,contains
Data In Transit,TLS 1.3,Directed,carries
TLS 1.3,OpenSSL 3.0.17,Directed,implemented_by
OpenSSL 3.0.17,ffdhe2048 / TLS_AES_128_GCM_SHA256 / ecdsa_secp384r1_sha384,Directed,negotiates
ffdhe2048 / TLS_AES_128_GCM_SHA256 / ecdsa_secp384r1_sha384,ffdhe2048_supported,Directed,uses
ffdhe2048 / TLS_AES_128_GCM_SHA256 / ecdsa_secp384r1_sha384,aes-128,Directed,uses
ffdhe2048 / TLS_AES_128_GCM_SHA256 / ecdsa_secp384r1_sha384,sha-256,Directed,uses
ffdhe2048 / TLS_AES_128_GCM_SHA256 / ecdsa_secp384r1_sha384,ecdsa_secp384r1,Directed,uses
ffdhe2048 / TLS_AES_128_GCM_SHA256 / ecdsa_secp384r1_sha384,sha-384,Directed,uses
Local_Research_Node,Data In Transit,Directed,contains
Data In Transit,TLS 1.3,Directed,carries
TLS 1.3,OpenSSL 3.0.17,Directed,implemented_by
OpenSSL 3.0.17,ffdhe2048 / TLS_AES_128_GCM_SHA256 / rsa_pss_rsae_sha384,Directed,negotiates
ffdhe2048 / TLS_AES_128_GCM_SHA256 / rsa_pss_rsae_sha384,ffdhe2048_supported,Directed,uses
ffdhe2048 / TLS_AES_128_GCM_SHA256 / rsa_pss_rsae_sha384,aes-128,Directed,uses
ffdhe2048 / TLS_AES_128_GCM_SHA256 / rsa_pss_rsae_sha384,sha-256,Directed,uses
ffdhe2048 / TLS_AES_128_GCM_SHA256 / rsa_pss_rsae_sha384,rsa-2048,Directed,uses
ffdhe2048 / TLS_AES_128_GCM_SHA256 / rsa_pss_rsae_sha384,sha-384,Directed,uses
Local_Research_Node,Data In Transit,Directed,contains
Data In Transit,TLS 1.3,Directed,carries
TLS 1.3,OpenSSL 3.0.17,Directed,implemented_by
OpenSSL 3.0.17,ffdhe2048 / TLS_AES_128_GCM_SHA256 / ed448,Directed,negotiates
ffdhe2048 / TLS_AES_128_GCM_SHA256 / ed448,ffdhe2048_supported,Directed,uses
ffdhe2048 / TLS_AES_128_GCM_SHA256 / ed448,aes-128,Directed,uses
ffdhe2048 / TLS_AES_128_GCM_SHA256 / ed448,sha-256,Directed,uses
ffdhe2048 / TLS_AES_128_GCM_SHA256 / ed448,ed448,Directed,uses
ffdhe2048 / TLS_AES_128_GCM_SHA256 / ed448,shake256,Directed,uses
Local_Research_Node,Data In Transit,Directed,contains
Data In Transit,TLS 1.3,Directed,carries
TLS 1.3,OpenSSL 3.0.17,Directed,implemented_by
OpenSSL 3.0.17,ffdhe2048 / TLS_AES_128_GCM_SHA256 / rsa_pss_rsae_sha512,Directed,negotiates
ffdhe2048 / TLS_AES_128_GCM_SHA256 / rsa_pss_rsae_sha512,ffdhe2048_supported,Directed,uses
ffdhe2048 / TLS_AES_128_GCM_SHA256 / rsa_pss_rsae_sha512,aes-128,Directed,uses
ffdhe2048 / TLS_AES_128_GCM_SHA256 / rsa_pss_rsae_sha512,sha-256,Directed,uses
ffdhe2048 / TLS_AES_128_GCM_SHA256 / rsa_pss_rsae_sha512,rsa-2048,Directed,uses
ffdhe2048 / TLS_AES_128_GCM_SHA256 / rsa_pss_rsae_sha512,sha-512,Directed,uses
Local_Research_Node,Data In Transit,Directed,contains
Data In Transit,TLS 1.3,Directed,carries
TLS 1.3,OpenSSL 3.0.17,Directed,implemented_by
OpenSSL 3.0.17,ffdhe2048 / TLS_CHACHA20_POLY1305_SHA256 / ecdsa_secp521r1_sha512,Directed,negotiates
ffdhe2048 / TLS_CHACHA20_POLY1305_SHA256 / ecdsa_secp521r1_sha512,ffdhe2048_supported,Directed,uses
ffdhe2048 / TLS_CHACHA20_POLY1305_SHA256 / ecdsa_secp521r1_sha512,chacha20,Directed,uses
ffdhe2048 / TLS_CHACHA20_POLY1305_SHA256 / ecdsa_secp521r1_sha512,sha-256,Directed,uses
ffdhe2048 / TLS_CHACHA20_POLY1305_SHA256 / ecdsa_secp521r1_sha512,ecdsa_secp521r1,Directed,uses
ffdhe2048 / TLS_CHACHA20_POLY1305_SHA256 / ecdsa_secp521r1_sha512,sha-512,Directed,uses
Local_Research_Node,Data In Transit,Directed,contains
Data In Transit,TLS 1.3,Directed,carries
TLS 1.3,OpenSSL 3.0.17,Directed,implemented_by
OpenSSL 3.0.17,ffdhe2048 / TLS_CHACHA20_POLY1305_SHA256 / rsa_pss_rsae_sha256,Directed,negotiates
ffdhe2048 / TLS_CHACHA20_POLY1305_SHA256 / rsa_pss_rsae_sha256,ffdhe2048_supported,Directed,uses
ffdhe2048 / TLS_CHACHA20_POLY1305_SHA256 / rsa_pss_rsae_sha256,chacha20,Directed,uses
ffdhe2048 / TLS_CHACHA20_POLY1305_SHA256 / rsa_pss_rsae_sha256,sha-256,Directed,uses
ffdhe2048 / TLS_CHACHA20_POLY1305_SHA256 / rsa_pss_rsae_sha256,rsa-2048,Directed,uses
ffdhe2048 / TLS_CHACHA20_POLY1305_SHA256 / rsa_pss_rsae_sha256,sha-256,Directed,uses
Local_Research_Node,Data In Transit,Directed,contains
Data In Transit,TLS 1.3,Directed,carries
TLS 1.3,OpenSSL 3.0.17,Directed,implemented_by
OpenSSL 3.0.17,ffdhe2048 / TLS_CHACHA20_POLY1305_SHA256 / ed25519,Directed,negotiates
ffdhe2048 / TLS_CHACHA20_POLY1305_SHA256 / ed25519,ffdhe2048_supported,Directed,uses
ffdhe2048 / TLS_CHACHA20_POLY1305_SHA256 / ed25519,chacha20,Directed,uses
ffdhe2048 / TLS_CHACHA20_POLY1305_SHA256 / ed25519,sha-256,Directed,uses
ffdhe2048 / TLS_CHACHA20_POLY1305_SHA256 / ed25519,ed25519,Directed,uses
ffdhe2048 / TLS_CHACHA20_POLY1305_SHA256 / ed25519,sha-512,Directed,uses
Local_Research_Node,Data In Transit,Directed,contains
Data In Transit,TLS 1.3,Directed,carries
TLS 1.3,OpenSSL 3.0.17,Directed,implemented_by
OpenSSL 3.0.17,ffdhe2048 / TLS_CHACHA20_POLY1305_SHA256 / ecdsa_secp256r1_sha256,Directed,negotiates
ffdhe2048 / TLS_CHACHA20_POLY1305_SHA256 / ecdsa_secp256r1_sha256,ffdhe2048_supported,Directed,uses
ffdhe2048 / TLS_CHACHA20_POLY1305_SHA256 / ecdsa_secp256r1_sha256,chacha20,Directed,uses
ffdhe2048 / TLS_CHACHA20_POLY1305_SHA256 / ecdsa_secp256r1_sha256,sha-256,Directed,uses
ffdhe2048 / TLS_CHACHA20_POLY1305_SHA256 / ecdsa_secp256r1_sha256,ecdsa_secp256r1,Directed,uses
ffdhe2048 / TLS_CHACHA20_POLY1305_SHA256 / ecdsa_secp256r1_sha256,sha-256,Directed,uses
Local_Research_Node,Data In Transit,Directed,contains
Data In Transit,TLS 1.3,Directed,carries
TLS 1.3,OpenSSL 3.0.17,Directed,implemented_by
OpenSSL 3.0.17,ffdhe2048 / TLS_CHACHA20_POLY1305_SHA256 / ecdsa_secp384r1_sha384,Directed,negotiates
ffdhe2048 / TLS_CHACHA20_POLY1305_SHA256 / ecdsa_secp384r1_sha384,ffdhe2048_supported,Directed,uses
ffdhe2048 / TLS_CHACHA20_POLY1305_SHA256 / ecdsa_secp384r1_sha384,chacha20,Directed,uses
ffdhe2048 / TLS_CHACHA20_POLY1305_SHA256 / ecdsa_secp384r1_sha384,sha-256,Directed,uses
ffdhe2048 / TLS_CHACHA20_POLY1305_SHA256 / ecdsa_secp384r1_sha384,ecdsa_secp384r1,Directed,uses
ffdhe2048 / TLS_CHACHA20_POLY1305_SHA256 / ecdsa_secp384r1_sha384,sha-384,Directed,uses
Local_Research_Node,Data In Transit,Directed,contains
Data In Transit,TLS 1.3,Directed,carries
TLS 1.3,OpenSSL 3.0.17,Directed,implemented_by
OpenSSL 3.0.17,ffdhe2048 / TLS_CHACHA20_POLY1305_SHA256 / rsa_pss_rsae_sha384,Directed,negotiates
ffdhe2048 / TLS_CHACHA20_POLY1305_SHA256 / rsa_pss_rsae_sha384,ffdhe2048_supported,Directed,uses
ffdhe2048 / TLS_CHACHA20_POLY1305_SHA256 / rsa_pss_rsae_sha384,chacha20,Directed,uses
ffdhe2048 / TLS_CHACHA20_POLY1305_SHA256 / rsa_pss_rsae_sha384,sha-256,Directed,uses
ffdhe2048 / TLS_CHACHA20_POLY1305_SHA256 / rsa_pss_rsae_sha384,rsa-2048,Directed,uses
ffdhe2048 / TLS_CHACHA20_POLY1305_SHA256 / rsa_pss_rsae_sha384,sha-384,Directed,uses
Local_Research_Node,Data In Transit,Directed,contains
Data In Transit,TLS 1.3,Directed,carries
TLS 1.3,OpenSSL 3.0.17,Directed,implemented_by
OpenSSL 3.0.17,ffdhe2048 / TLS_CHACHA20_POLY1305_SHA256 / ed448,Directed,negotiates
ffdhe2048 / TLS_CHACHA20_POLY1305_SHA256 / ed448,ffdhe2048_supported,Directed,uses
ffdhe2048 / TLS_CHACHA20_POLY1305_SHA256 / ed448,chacha20,Directed,uses
ffdhe2048 / TLS_CHACHA20_POLY1305_SHA256 / ed448,sha-256,Directed,uses
ffdhe2048 / TLS_CHACHA20_POLY1305_SHA256 / ed448,ed448,Directed,uses
ffdhe2048 / TLS_CHACHA20_POLY1305_SHA256 / ed448,shake256,Directed,uses
Local_Research_Node,Data In Transit,Directed,contains
Data In Transit,TLS 1.3,Directed,carries
TLS 1.3,OpenSSL 3.0.17,Directed,implemented_by
OpenSSL 3.0.17,ffdhe2048 / TLS_CHACHA20_POLY1305_SHA256 / rsa_pss_rsae_sha512,Directed,negotiates
ffdhe2048 / TLS_CHACHA20_POLY1305_SHA256 / rsa_pss_rsae_sha512,ffdhe2048_supported,Directed,uses
ffdhe2048 / TLS_CHACHA20_POLY1305_SHA256 / rsa_pss_rsae_sha512,chacha20,Directed,uses
ffdhe2048 / TLS_CHACHA20_POLY1305_SHA256 / rsa_pss_rsae_sha512,sha-256,Directed,uses
ffdhe2048 / TLS_CHACHA20_POLY1305_SHA256 / rsa_pss_rsae_sha512,rsa-2048,Directed,uses
ffdhe2048 / TLS_CHACHA20_POLY1305_SHA256 / rsa_pss_rsae_sha512,sha-512,Directed,uses
Local_Research_Node,Data In Transit,Directed,contains
Data In Transit,TLS 1.3,Directed,carries
TLS 1.3,OpenSSL 3.0.17,Directed,implemented_by
OpenSSL 3.0.17,ffdhe2048 / TLS_AES_256_GCM_SHA384 / ecdsa_secp521r1_sha512,Directed,negotiates
ffdhe2048 / TLS_AES_256_GCM_SHA384 / ecdsa_secp521r1_sha512,ffdhe2048_supported,Directed,uses
ffdhe2048 / TLS_AES_256_GCM_SHA384 / ecdsa_secp521r1_sha512,aes-256,Directed,uses
ffdhe2048 / TLS_AES_256_GCM_SHA384 / ecdsa_secp521r1_sha512,sha-384,Directed,uses
ffdhe2048 / TLS_AES_256_GCM_SHA384 / ecdsa_secp521r1_sha512,ecdsa_secp521r1,Directed,uses
ffdhe2048 / TLS_AES_256_GCM_SHA384 / ecdsa_secp521r1_sha512,sha-512,Directed,uses
Local_Research_Node,Data In Transit,Directed,contains
Data In Transit,TLS 1.3,Directed,carries
TLS 1.3,OpenSSL 3.0.17,Directed,implemented_by
OpenSSL 3.0.17,ffdhe2048 / TLS_AES_256_GCM_SHA384 / rsa_pss_rsae_sha256,Directed,negotiates
ffdhe2048 / TLS_AES_256_GCM_SHA384 / rsa_pss_rsae_sha256,ffdhe2048_supported,Directed,uses
ffdhe2048 / TLS_AES_256_GCM_SHA384 / rsa_pss_rsae_sha256,aes-256,Directed,uses
ffdhe2048 / TLS_AES_256_GCM_SHA384 / rsa_pss_rsae_sha256,sha-384,Directed,uses
ffdhe2048 / TLS_AES_256_GCM_SHA384 / rsa_pss_rsae_sha256,rsa-2048,Directed,uses
ffdhe2048 / TLS_AES_256_GCM_SHA384 / rsa_pss_rsae_sha256,sha-256,Directed,uses
Local_Research_Node,Data In Transit,Directed,contains
Data In Transit,TLS 1.3,Directed,carries
TLS 1.3,OpenSSL 3.0.17,Directed,implemented_by
OpenSSL 3.0.17,ffdhe2048 / TLS_AES_256_GCM_SHA384 / ed25519,Directed,negotiates
ffdhe2048 / TLS_AES_256_GCM_SHA384 / ed25519,ffdhe2048_supported,Directed,uses
ffdhe2048 / TLS_AES_256_GCM_SHA384 / ed25519,aes-256,Directed,uses
ffdhe2048 / TLS_AES_256_GCM_SHA384 / ed25519,sha-384,Directed,uses
ffdhe2048 / TLS_AES_256_GCM_SHA384 / ed25519,ed25519,Directed,uses
ffdhe2048 / TLS_AES_256_GCM_SHA384 / ed25519,sha-512,Directed,uses
Local_Research_Node,Data In Transit,Directed,contains
Data In Transit,TLS 1.3,Directed,carries
TLS 1.3,OpenSSL 3.0.17,Directed,implemented_by
OpenSSL 3.0.17,ffdhe2048 / TLS_AES_256_GCM_SHA384 / ecdsa_secp256r1_sha256,Directed,negotiates
ffdhe2048 / TLS_AES_256_GCM_SHA384 / ecdsa_secp256r1_sha256,ffdhe2048_supported,Directed,uses
ffdhe2048 / TLS_AES_256_GCM_SHA384 / ecdsa_secp256r1_sha256,aes-256,Directed,uses
ffdhe2048 / TLS_AES_256_GCM_SHA384 / ecdsa_secp256r1_sha256,sha-384,Directed,uses
ffdhe2048 / TLS_AES_256_GCM_SHA384 / ecdsa_secp256r1_sha256,ecdsa_secp256r1,Directed,uses
ffdhe2048 / TLS_AES_256_GCM_SHA384 / ecdsa_secp256r1_sha256,sha-256,Directed,uses
Local_Research_Node,Data In Transit,Directed,contains
Data In Transit,TLS 1.3,Directed,carries
TLS 1.3,OpenSSL 3.0.17,Directed,implemented_by
OpenSSL 3.0.17,ffdhe2048 / TLS_AES_256_GCM_SHA384 / ecdsa_secp384r1_sha384,Directed,negotiates
ffdhe2048 / TLS_AES_256_GCM_SHA384 / ecdsa_secp384r1_sha384,ffdhe2048_supported,Directed,uses
ffdhe2048 / TLS_AES_256_GCM_SHA384 / ecdsa_secp384r1_sha384,aes-256,Directed,uses
ffdhe2048 / TLS_AES_256_GCM_SHA384 / ecdsa_secp384r1_sha384,sha-384,Directed,uses
ffdhe2048 / TLS_AES_256_GCM_SHA384 / ecdsa_secp384r1_sha384,ecdsa_secp384r1,Directed,uses
ffdhe2048 / TLS_AES_256_GCM_SHA384 / ecdsa_secp384r1_sha384,sha-384,Directed,uses
Local_Research_Node,Data In Transit,Directed,contains
Data In Transit,TLS 1.3,Directed,carries
TLS 1.3,OpenSSL 3.0.17,Directed,implemented_by
OpenSSL 3.0.17,ffdhe2048 / TLS_AES_256_GCM_SHA384 / rsa_pss_rsae_sha384,Directed,negotiates
ffdhe2048 / TLS_AES_256_GCM_SHA384 / rsa_pss_rsae_sha384,ffdhe2048_supported,Directed,uses
ffdhe2048 / TLS_AES_256_GCM_SHA384 / rsa_pss_rsae_sha384,aes-256,Directed,uses
ffdhe2048 / TLS_AES_256_GCM_SHA384 / rsa_pss_rsae_sha384,sha-384,Directed,uses
ffdhe2048 / TLS_AES_256_GCM_SHA384 / rsa_pss_rsae_sha384,rsa-2048,Directed,uses
ffdhe2048 / TLS_AES_256_GCM_SHA384 / rsa_pss_rsae_sha384,sha-384,Directed,uses
Local_Research_Node,Data In Transit,Directed,contains
Data In Transit,TLS 1.3,Directed,carries
TLS 1.3,OpenSSL 3.0.17,Directed,implemented_by
OpenSSL 3.0.17,ffdhe2048 / TLS_AES_256_GCM_SHA384 / ed448,Directed,negotiates
ffdhe2048 / TLS_AES_256_GCM_SHA384 / ed448,ffdhe2048_supported,Directed,uses
ffdhe2048 / TLS_AES_256_GCM_SHA384 / ed448,aes-256,Directed,uses
ffdhe2048 / TLS_AES_256_GCM_SHA384 / ed448,sha-384,Directed,uses
ffdhe2048 / TLS_AES_256_GCM_SHA384 / ed448,ed448,Directed,uses
ffdhe2048 / TLS_AES_256_GCM_SHA384 / ed448,shake256,Directed,uses
Local_Research_Node,Data In Transit,Directed,contains
Data In Transit,TLS 1.3,Directed,carries
TLS 1.3,OpenSSL 3.0.17,Directed,implemented_by
OpenSSL 3.0.17,ffdhe2048 / TLS_AES_256_GCM_SHA384 / rsa_pss_rsae_sha512,Directed,negotiates
ffdhe2048 / TLS_AES_256_GCM_SHA384 / rsa_pss_rsae_sha512,ffdhe2048_supported,Directed,uses
ffdhe2048 / TLS_AES_256_GCM_SHA384 / rsa_pss_rsae_sha512,aes-256,Directed,uses
ffdhe2048 / TLS_AES_256_GCM_SHA384 / rsa_pss_rsae_sha512,sha-384,Directed,uses
ffdhe2048 / TLS_AES_256_GCM_SHA384 / rsa_pss_rsae_sha512,rsa-2048,Directed,uses
ffdhe2048 / TLS_AES_256_GCM_SHA384 / rsa_pss_rsae_sha512,sha-512,Directed,uses
Local_Research_Node,Data In Transit,Directed,contains
Data In Transit,TLS 1.3,Directed,carries
TLS 1.3,OpenSSL 3.0.17,Directed,implemented_by
OpenSSL 3.0.17,ecdh_x25519 / TLS_AES_128_GCM_SHA256 / ecdsa_secp521r1_sha512,Directed,negotiates
ecdh_x25519 / TLS_AES_128_GCM_SHA256 / ecdsa_secp521r1_sha512,ecdh_x25519,Directed,uses
ecdh_x25519 / TLS_AES_128_GCM_SHA256 / ecdsa_secp521r1_sha512,aes-128,Directed,uses
ecdh_x25519 / TLS_AES_128_GCM_SHA256 / ecdsa_secp521r1_sha512,sha-256,Directed,uses
ecdh_x25519 / TLS_AES_128_GCM_SHA256 / ecdsa_secp521r1_sha512,ecdsa_secp521r1,Directed,uses
ecdh_x25519 / TLS_AES_128_GCM_SHA256 / ecdsa_secp521r1_sha512,sha-512,Directed,uses
Local_Research_Node,Data In Transit,Directed,contains
Data In Transit,TLS 1.3,Directed,carries
TLS 1.3,OpenSSL 3.0.17,Directed,implemented_by
OpenSSL 3.0.17,ecdh_x25519 / TLS_AES_128_GCM_SHA256 / rsa_pss_rsae_sha256,Directed,negotiates
ecdh_x25519 / TLS_AES_128_GCM_SHA256 / rsa_pss_rsae_sha256,ecdh_x25519,Directed,uses
ecdh_x25519 / TLS_AES_128_GCM_SHA256 / rsa_pss_rsae_sha256,aes-128,Directed,uses
ecdh_x25519 / TLS_AES_128_GCM_SHA256 / rsa_pss_rsae_sha256,sha-256,Directed,uses
ecdh_x25519 / TLS_AES_128_GCM_SHA256 / rsa_pss_rsae_sha256,rsa-2048,Directed,uses
ecdh_x25519 / TLS_AES_128_GCM_SHA256 / rsa_pss_rsae_sha256,sha-256,Directed,uses
Local_Research_Node,Data In Transit,Directed,contains
Data In Transit,TLS 1.3,Directed,carries
TLS 1.3,OpenSSL 3.0.17,Directed,implemented_by
OpenSSL 3.0.17,ecdh_x25519 / TLS_AES_128_GCM_SHA256 / ed25519,Directed,negotiates
ecdh_x25519 / TLS_AES_128_GCM_SHA256 / ed25519,ecdh_x25519,Directed,uses
ecdh_x25519 / TLS_AES_128_GCM_SHA256 / ed25519,aes-128,Directed,uses
ecdh_x25519 / TLS_AES_128_GCM_SHA256 / ed25519,sha-256,Directed,uses
ecdh_x25519 / TLS_AES_128_GCM_SHA256 / ed25519,ed25519,Directed,uses
ecdh_x25519 / TLS_AES_128_GCM_SHA256 / ed25519,sha-512,Directed,uses
Local_Research_Node,Data In Transit,Directed,contains
Data In Transit,TLS 1.3,Directed,carries
TLS 1.3,OpenSSL 3.0.17,Directed,implemented_by
OpenSSL 3.0.17,ecdh_x25519 / TLS_AES_128_GCM_SHA256 / ecdsa_secp256r1_sha256,Directed,negotiates
ecdh_x25519 / TLS_AES_128_GCM_SHA256 / ecdsa_secp256r1_sha256,ecdh_x25519,Directed,uses
ecdh_x25519 / TLS_AES_128_GCM_SHA256 / ecdsa_secp256r1_sha256,aes-128,Directed,uses
ecdh_x25519 / TLS_AES_128_GCM_SHA256 / ecdsa_secp256r1_sha256,sha-256,Directed,uses
ecdh_x25519 / TLS_AES_128_GCM_SHA256 / ecdsa_secp256r1_sha256,ecdsa_secp256r1,Directed,uses
ecdh_x25519 / TLS_AES_128_GCM_SHA256 / ecdsa_secp256r1_sha256,sha-256,Directed,uses
Local_Research_Node,Data In Transit,Directed,contains
Data In Transit,TLS 1.3,Directed,carries
TLS 1.3,OpenSSL 3.0.17,Directed,implemented_by
OpenSSL 3.0.17,ecdh_x25519 / TLS_AES_128_GCM_SHA256 / ecdsa_secp384r1_sha384,Directed,negotiates
ecdh_x25519 / TLS_AES_128_GCM_SHA256 / ecdsa_secp384r1_sha384,ecdh_x25519,Directed,uses
ecdh_x25519 / TLS_AES_128_GCM_SHA256 / ecdsa_secp384r1_sha384,aes-128,Directed,uses
ecdh_x25519 / TLS_AES_128_GCM_SHA256 / ecdsa_secp384r1_sha384,sha-256,Directed,uses
ecdh_x25519 / TLS_AES_128_GCM_SHA256 / ecdsa_secp384r1_sha384,ecdsa_secp384r1,Directed,uses
ecdh_x25519 / TLS_AES_128_GCM_SHA256 / ecdsa_secp384r1_sha384,sha-384,Directed,uses
Local_Research_Node,Data In Transit,Directed,contains
Data In Transit,TLS 1.3,Directed,carries
TLS 1.3,OpenSSL 3.0.17,Directed,implemented_by
OpenSSL 3.0.17,ecdh_x25519 / TLS_AES_128_GCM_SHA256 / rsa_pss_rsae_sha384,Directed,negotiates
ecdh_x25519 / TLS_AES_128_GCM_SHA256 / rsa_pss_rsae_sha384,ecdh_x25519,Directed,uses
ecdh_x25519 / TLS_AES_128_GCM_SHA256 / rsa_pss_rsae_sha384,aes-128,Directed,uses
ecdh_x25519 / TLS_AES_128_GCM_SHA256 / rsa_pss_rsae_sha384,sha-256,Directed,uses
ecdh_x25519 / TLS_AES_128_GCM_SHA256 / rsa_pss_rsae_sha384,rsa-2048,Directed,uses
ecdh_x25519 / TLS_AES_128_GCM_SHA256 / rsa_pss_rsae_sha384,sha-384,Directed,uses
Local_Research_Node,Data In Transit,Directed,contains
Data In Transit,TLS 1.3,Directed,carries
TLS 1.3,OpenSSL 3.0.17,Directed,implemented_by
OpenSSL 3.0.17,ecdh_x25519 / TLS_AES_128_GCM_SHA256 / ed448,Directed,negotiates
ecdh_x25519 / TLS_AES_128_GCM_SHA256 / ed448,ecdh_x25519,Directed,uses
ecdh_x25519 / TLS_AES_128_GCM_SHA256 / ed448,aes-128,Directed,uses
ecdh_x25519 / TLS_AES_128_GCM_SHA256 / ed448,sha-256,Directed,uses
ecdh_x25519 / TLS_AES_128_GCM_SHA256 / ed448,ed448,Directed,uses
ecdh_x25519 / TLS_AES_128_GCM_SHA256 / ed448,shake256,Directed,uses
Local_Research_Node,Data In Transit,Directed,contains
Data In Transit,TLS 1.3,Directed,carries
TLS 1.3,OpenSSL 3.0.17,Directed,implemented_by
OpenSSL 3.0.17,ecdh_x25519 / TLS_AES_128_GCM_SHA256 / rsa_pss_rsae_sha512,Directed,negotiates
ecdh_x25519 / TLS_AES_128_GCM_SHA256 / rsa_pss_rsae_sha512,ecdh_x25519,Directed,uses
ecdh_x25519 / TLS_AES_128_GCM_SHA256 / rsa_pss_rsae_sha512,aes-128,Directed,uses
ecdh_x25519 / TLS_AES_128_GCM_SHA256 / rsa_pss_rsae_sha512,sha-256,Directed,uses
ecdh_x25519 / TLS_AES_128_GCM_SHA256 / rsa_pss_rsae_sha512,rsa-2048,Directed,uses
ecdh_x25519 / TLS_AES_128_GCM_SHA256 / rsa_pss_rsae_sha512,sha-512,Directed,uses
Local_Research_Node,Data In Transit,Directed,contains
Data In Transit,TLS 1.3,Directed,carries
TLS 1.3,OpenSSL 3.0.17,Directed,implemented_by
OpenSSL 3.0.17,ecdh_x25519 / TLS_CHACHA20_POLY1305_SHA256 / ecdsa_secp521r1_sha512,Directed,negotiates
ecdh_x25519 / TLS_CHACHA20_POLY1305_SHA256 / ecdsa_secp521r1_sha512,ecdh_x25519,Directed,uses
ecdh_x25519 / TLS_CHACHA20_POLY1305_SHA256 / ecdsa_secp521r1_sha512,chacha20,Directed,uses
ecdh_x25519 / TLS_CHACHA20_POLY1305_SHA256 / ecdsa_secp521r1_sha512,sha-256,Directed,uses
ecdh_x25519 / TLS_CHACHA20_POLY1305_SHA256 / ecdsa_secp521r1_sha512,ecdsa_secp521r1,Directed,uses
ecdh_x25519 / TLS_CHACHA20_POLY1305_SHA256 / ecdsa_secp521r1_sha512,sha-512,Directed,uses
Local_Research_Node,Data In Transit,Directed,contains
Data In Transit,TLS 1.3,Directed,carries
TLS 1.3,OpenSSL 3.0.17,Directed,implemented_by
OpenSSL 3.0.17,ecdh_x25519 / TLS_CHACHA20_POLY1305_SHA256 / rsa_pss_rsae_sha256,Directed,negotiates
ecdh_x25519 / TLS_CHACHA20_POLY1305_SHA256 / rsa_pss_rsae_sha256,ecdh_x25519,Directed,uses
ecdh_x25519 / TLS_CHACHA20_POLY1305_SHA256 / rsa_pss_rsae_sha256,chacha20,Directed,uses
ecdh_x25519 / TLS_CHACHA20_POLY1305_SHA256 / rsa_pss_rsae_sha256,sha-256,Directed,uses
ecdh_x25519 / TLS_CHACHA20_POLY1305_SHA256 / rsa_pss_rsae_sha256,rsa-2048,Directed,uses
ecdh_x25519 / TLS_CHACHA20_POLY1305_SHA256 / rsa_pss_rsae_sha256,sha-256,Directed,uses
Local_Research_Node,Data In Transit,Directed,contains
Data In Transit,TLS 1.3,Directed,carries
TLS 1.3,OpenSSL 3.0.17,Directed,implemented_by
OpenSSL 3.0.17,ecdh_x25519 / TLS_CHACHA20_POLY1305_SHA256 / ed25519,Directed,negotiates
ecdh_x25519 / TLS_CHACHA20_POLY1305_SHA256 / ed25519,ecdh_x25519,Directed,uses
ecdh_x25519 / TLS_CHACHA20_POLY1305_SHA256 / ed25519,chacha20,Directed,uses
ecdh_x25519 / TLS_CHACHA20_POLY1305_SHA256 / ed25519,sha-256,Directed,uses
ecdh_x25519 / TLS_CHACHA20_POLY1305_SHA256 / ed25519,ed25519,Directed,uses
ecdh_x25519 / TLS_CHACHA20_POLY1305_SHA256 / ed25519,sha-512,Directed,uses
Local_Research_Node,Data In Transit,Directed,contains
Data In Transit,TLS 1.3,Directed,carries
TLS 1.3,OpenSSL 3.0.17,Directed,implemented_by
OpenSSL 3.0.17,ecdh_x25519 / TLS_CHACHA20_POLY1305_SHA256 / ecdsa_secp256r1_sha256,Directed,negotiates
ecdh_x25519 / TLS_CHACHA20_POLY1305_SHA256 / ecdsa_secp256r1_sha256,ecdh_x25519,Directed,uses
ecdh_x25519 / TLS_CHACHA20_POLY1305_SHA256 / ecdsa_secp256r1_sha256,chacha20,Directed,uses
ecdh_x25519 / TLS_CHACHA20_POLY1305_SHA256 / ecdsa_secp256r1_sha256,sha-256,Directed,uses
ecdh_x25519 / TLS_CHACHA20_POLY1305_SHA256 / ecdsa_secp256r1_sha256,ecdsa_secp256r1,Directed,uses
ecdh_x25519 / TLS_CHACHA20_POLY1305_SHA256 / ecdsa_secp256r1_sha256,sha-256,Directed,uses
Local_Research_Node,Data In Transit,Directed,contains
Data In Transit,TLS 1.3,Directed,carries
TLS 1.3,OpenSSL 3.0.17,Directed,implemented_by
OpenSSL 3.0.17,ecdh_x25519 / TLS_CHACHA20_POLY1305_SHA256 / ecdsa_secp384r1_sha384,Directed,negotiates
ecdh_x25519 / TLS_CHACHA20_POLY1305_SHA256 / ecdsa_secp384r1_sha384,ecdh_x25519,Directed,uses
ecdh_x25519 / TLS_CHACHA20_POLY1305_SHA256 / ecdsa_secp384r1_sha384,chacha20,Directed,uses
ecdh_x25519 / TLS_CHACHA20_POLY1305_SHA256 / ecdsa_secp384r1_sha384,sha-256,Directed,uses
ecdh_x25519 / TLS_CHACHA20_POLY1305_SHA256 / ecdsa_secp384r1_sha384,ecdsa_secp384r1,Directed,uses
ecdh_x25519 / TLS_CHACHA20_POLY1305_SHA256 / ecdsa_secp384r1_sha384,sha-384,Directed,uses
Local_Research_Node,Data In Transit,Directed,contains
Data In Transit,TLS 1.3,Directed,carries
TLS 1.3,OpenSSL 3.0.17,Directed,implemented_by
OpenSSL 3.0.17,ecdh_x25519 / TLS_CHACHA20_POLY1305_SHA256 / rsa_pss_rsae_sha384,Directed,negotiates
ecdh_x25519 / TLS_CHACHA20_POLY1305_SHA256 / rsa_pss_rsae_sha384,ecdh_x25519,Directed,uses
ecdh_x25519 / TLS_CHACHA20_POLY1305_SHA256 / rsa_pss_rsae_sha384,chacha20,Directed,uses
ecdh_x25519 / TLS_CHACHA20_POLY1305_SHA256 / rsa_pss_rsae_sha384,sha-256,Directed,uses
ecdh_x25519 / TLS_CHACHA20_POLY1305_SHA256 / rsa_pss_rsae_sha384,rsa-2048,Directed,uses
ecdh_x25519 / TLS_CHACHA20_POLY1305_SHA256 / rsa_pss_rsae_sha384,sha-384,Directed,uses
Local_Research_Node,Data In Transit,Directed,contains
Data In Transit,TLS 1.3,Directed,carries
TLS 1.3,OpenSSL 3.0.17,Directed,implemented_by
OpenSSL 3.0.17,ecdh_x25519 / TLS_CHACHA20_POLY1305_SHA256 / ed448,Directed,negotiates
ecdh_x25519 / TLS_CHACHA20_POLY1305_SHA256 / ed448,ecdh_x25519,Directed,uses
ecdh_x25519 / TLS_CHACHA20_POLY1305_SHA256 / ed448,chacha20,Directed,uses
ecdh_x25519 / TLS_CHACHA20_POLY1305_SHA256 / ed448,sha-256,Directed,uses
ecdh_x25519 / TLS_CHACHA20_POLY1305_SHA256 / ed448,ed448,Directed,uses
ecdh_x25519 / TLS_CHACHA20_POLY1305_SHA256 / ed448,shake256,Directed,uses
Local_Research_Node,Data In Transit,Directed,contains
Data In Transit,TLS 1.3,Directed,carries
TLS 1.3,OpenSSL 3.0.17,Directed,implemented_by
OpenSSL 3.0.17,ecdh_x25519 / TLS_CHACHA20_POLY1305_SHA256 / rsa_pss_rsae_sha512,Directed,negotiates
ecdh_x25519 / TLS_CHACHA20_POLY1305_SHA256 / rsa_pss_rsae_sha512,ecdh_x25519,Directed,uses
ecdh_x25519 / TLS_CHACHA20_POLY1305_SHA256 / rsa_pss_rsae_sha512,chacha20,Directed,uses
ecdh_x25519 / TLS_CHACHA20_POLY1305_SHA256 / rsa_pss_rsae_sha512,sha-256,Directed,uses
ecdh_x25519 / TLS_CHACHA20_POLY1305_SHA256 / rsa_pss_rsae_sha512,rsa-2048,Directed,uses
ecdh_x25519 / TLS_CHACHA20_POLY1305_SHA256 / rsa_pss_rsae_sha512,sha-512,Directed,uses
Local_Research_Node,Data In Transit,Directed,contains
Data In Transit,TLS 1.3,Directed,carries
TLS 1.3,OpenSSL 3.0.17,Directed,implemented_by
OpenSSL 3.0.17,ecdh_x25519 / TLS_AES_256_GCM_SHA384 / ecdsa_secp521r1_sha512,Directed,negotiates
ecdh_x25519 / TLS_AES_256_GCM_SHA384 / ecdsa_secp521r1_sha512,ecdh_x25519,Directed,uses
ecdh_x25519 / TLS_AES_256_GCM_SHA384 / ecdsa_secp521r1_sha512,aes-256,Directed,uses
ecdh_x25519 / TLS_AES_256_GCM_SHA384 / ecdsa_secp521r1_sha512,sha-384,Directed,uses
ecdh_x25519 / TLS_AES_256_GCM_SHA384 / ecdsa_secp521r1_sha512,ecdsa_secp521r1,Directed,uses
ecdh_x25519 / TLS_AES_256_GCM_SHA384 / ecdsa_secp521r1_sha512,sha-512,Directed,uses
Local_Research_Node,Data In Transit,Directed,contains
Data In Transit,TLS 1.3,Directed,carries
TLS 1.3,OpenSSL 3.0.17,Directed,implemented_by
OpenSSL 3.0.17,ecdh_x25519 / TLS_AES_256_GCM_SHA384 / rsa_pss_rsae_sha256,Directed,negotiates
ecdh_x25519 / TLS_AES_256_GCM_SHA384 / rsa_pss_rsae_sha256,ecdh_x25519,Directed,uses
ecdh_x25519 / TLS_AES_256_GCM_SHA384 / rsa_pss_rsae_sha256,aes-256,Directed,uses
ecdh_x25519 / TLS_AES_256_GCM_SHA384 / rsa_pss_rsae_sha256,sha-384,Directed,uses
ecdh_x25519 / TLS_AES_256_GCM_SHA384 / rsa_pss_rsae_sha256,rsa-2048,Directed,uses
ecdh_x25519 / TLS_AES_256_GCM_SHA384 / rsa_pss_rsae_sha256,sha-256,Directed,uses
Local_Research_Node,Data In Transit,Directed,contains
Data In Transit,TLS 1.3,Directed,carries
TLS 1.3,OpenSSL 3.0.17,Directed,implemented_by
OpenSSL 3.0.17,ecdh_x25519 / TLS_AES_256_GCM_SHA384 / ed25519,Directed,negotiates
ecdh_x25519 / TLS_AES_256_GCM_SHA384 / ed25519,ecdh_x25519,Directed,uses
ecdh_x25519 / TLS_AES_256_GCM_SHA384 / ed25519,aes-256,Directed,uses
ecdh_x25519 / TLS_AES_256_GCM_SHA384 / ed25519,sha-384,Directed,uses
ecdh_x25519 / TLS_AES_256_GCM_SHA384 / ed25519,ed25519,Directed,uses
ecdh_x25519 / TLS_AES_256_GCM_SHA384 / ed25519,sha-512,Directed,uses
Local_Research_Node,Data In Transit,Directed,contains
Data In Transit,TLS 1.3,Directed,carries
TLS 1.3,OpenSSL 3.0.17,Directed,implemented_by
OpenSSL 3.0.17,ecdh_x25519 / TLS_AES_256_GCM_SHA384 / ecdsa_secp256r1_sha256,Directed,negotiates
ecdh_x25519 / TLS_AES_256_GCM_SHA384 / ecdsa_secp256r1_sha256,ecdh_x25519,Directed,uses
ecdh_x25519 / TLS_AES_256_GCM_SHA384 / ecdsa_secp256r1_sha256,aes-256,Directed,uses
ecdh_x25519 / TLS_AES_256_GCM_SHA384 / ecdsa_secp256r1_sha256,sha-384,Directed,uses
ecdh_x25519 / TLS_AES_256_GCM_SHA384 / ecdsa_secp256r1_sha256,ecdsa_secp256r1,Directed,uses
ecdh_x25519 / TLS_AES_256_GCM_SHA384 / ecdsa_secp256r1_sha256,sha-256,Directed,uses
Local_Research_Node,Data In Transit,Directed,contains
Data In Transit,TLS 1.3,Directed,carries
TLS 1.3,OpenSSL 3.0.17,Directed,implemented_by
OpenSSL 3.0.17,ecdh_x25519 / TLS_AES_256_GCM_SHA384 / ecdsa_secp384r1_sha384,Directed,negotiates
ecdh_x25519 / TLS_AES_256_GCM_SHA384 / ecdsa_secp384r1_sha384,ecdh_x25519,Directed,uses
ecdh_x25519 / TLS_AES_256_GCM_SHA384 / ecdsa_secp384r1_sha384,aes-256,Directed,uses
ecdh_x25519 / TLS_AES_256_GCM_SHA384 / ecdsa_secp384r1_sha384,sha-384,Directed,uses
ecdh_x25519 / TLS_AES_256_GCM_SHA384 / ecdsa_secp384r1_sha384,ecdsa_secp384r1,Directed,uses
ecdh_x25519 / TLS_AES_256_GCM_SHA384 / ecdsa_secp384r1_sha384,sha-384,Directed,uses
Local_Research_Node,Data In Transit,Directed,contains
Data In Transit,TLS 1.3,Directed,carries
TLS 1.3,OpenSSL 3.0.17,Directed,implemented_by
OpenSSL 3.0.17,ecdh_x25519 / TLS_AES_256_GCM_SHA384 / rsa_pss_rsae_sha384,Directed,negotiates
ecdh_x25519 / TLS_AES_256_GCM_SHA384 / rsa_pss_rsae_sha384,ecdh_x25519,Directed,uses
ecdh_x25519 / TLS_AES_256_GCM_SHA384 / rsa_pss_rsae_sha384,aes-256,Directed,uses
ecdh_x25519 / TLS_AES_256_GCM_SHA384 / rsa_pss_rsae_sha384,sha-384,Directed,uses
ecdh_x25519 / TLS_AES_256_GCM_SHA384 / rsa_pss_rsae_sha384,rsa-2048,Directed,uses
ecdh_x25519 / TLS_AES_256_GCM_SHA384 / rsa_pss_rsae_sha384,sha-384,Directed,uses
Local_Research_Node,Data In Transit,Directed,contains
Data In Transit,TLS 1.3,Directed,carries
TLS 1.3,OpenSSL 3.0.17,Directed,implemented_by
OpenSSL 3.0.17,ecdh_x25519 / TLS_AES_256_GCM_SHA384 / ed448,Directed,negotiates
ecdh_x25519 / TLS_AES_256_GCM_SHA384 / ed448,ecdh_x25519,Directed,uses
ecdh_x25519 / TLS_AES_256_GCM_SHA384 / ed448,aes-256,Directed,uses
ecdh_x25519 / TLS_AES_256_GCM_SHA384 / ed448,sha-384,Directed,uses
ecdh_x25519 / TLS_AES_256_GCM_SHA384 / ed448,ed448,Directed,uses
ecdh_x25519 / TLS_AES_256_GCM_SHA384 / ed448,shake256,Directed,uses
Local_Research_Node,Data In Transit,Directed,contains
Data In Transit,TLS 1.3,Directed,carries
TLS 1.3,OpenSSL 3.0.17,Directed,implemented_by
OpenSSL 3.0.17,ecdh_x25519 / TLS_AES_256_GCM_SHA384 / rsa_pss_rsae_sha512,Directed,negotiates
ecdh_x25519 / TLS_AES_256_GCM_SHA384 / rsa_pss_rsae_sha512,ecdh_x25519,Directed,uses
ecdh_x25519 / TLS_AES_256_GCM_SHA384 / rsa_pss_rsae_sha512,aes-256,Directed,uses
ecdh_x25519 / TLS_AES_256_GCM_SHA384 / rsa_pss_rsae_sha512,sha-384,Directed,uses
ecdh_x25519 / TLS_AES_256_GCM_SHA384 / rsa_pss_rsae_sha512,rsa-2048,Directed,uses
ecdh_x25519 / TLS_AES_256_GCM_SHA384 / rsa_pss_rsae_sha512,sha-512,Directed,uses
Local_Research_Node,Data In Transit,Directed,contains
Data In Transit,TLS 1.3,Directed,carries
TLS 1.3,OpenSSL 3.0.17,Directed,implemented_by
OpenSSL 3.0.17,ffdhe8192 / TLS_AES_128_GCM_SHA256 / ecdsa_secp521r1_sha512,Directed,negotiates
ffdhe8192 / TLS_AES_128_GCM_SHA256 / ecdsa_secp521r1_sha512,ffdhe8192_supported,Directed,uses
ffdhe8192 / TLS_AES_128_GCM_SHA256 / ecdsa_secp521r1_sha512,aes-128,Directed,uses
ffdhe8192 / TLS_AES_128_GCM_SHA256 / ecdsa_secp521r1_sha512,sha-256,Directed,uses
ffdhe8192 / TLS_AES_128_GCM_SHA256 / ecdsa_secp521r1_sha512,ecdsa_secp521r1,Directed,uses
ffdhe8192 / TLS_AES_128_GCM_SHA256 / ecdsa_secp521r1_sha512,sha-512,Directed,uses
Local_Research_Node,Data In Transit,Directed,contains
Data In Transit,TLS 1.3,Directed,carries
TLS 1.3,OpenSSL 3.0.17,Directed,implemented_by
OpenSSL 3.0.17,ffdhe8192 / TLS_AES_128_GCM_SHA256 / rsa_pss_rsae_sha256,Directed,negotiates
ffdhe8192 / TLS_AES_128_GCM_SHA256 / rsa_pss_rsae_sha256,ffdhe8192_supported,Directed,uses
ffdhe8192 / TLS_AES_128_GCM_SHA256 / rsa_pss_rsae_sha256,aes-128,Directed,uses
ffdhe8192 / TLS_AES_128_GCM_SHA256 / rsa_pss_rsae_sha256,sha-256,Directed,uses
ffdhe8192 / TLS_AES_128_GCM_SHA256 / rsa_pss_rsae_sha256,rsa-2048,Directed,uses
ffdhe8192 / TLS_AES_128_GCM_SHA256 / rsa_pss_rsae_sha256,sha-256,Directed,uses
Local_Research_Node,Data In Transit,Directed,contains
Data In Transit,TLS 1.3,Directed,carries
TLS 1.3,OpenSSL 3.0.17,Directed,implemented_by
OpenSSL 3.0.17,ffdhe8192 / TLS_AES_128_GCM_SHA256 / ed25519,Directed,negotiates
ffdhe8192 / TLS_AES_128_GCM_SHA256 / ed25519,ffdhe8192_supported,Directed,uses
ffdhe8192 / TLS_AES_128_GCM_SHA256 / ed25519,aes-128,Directed,uses
ffdhe8192 / TLS_AES_128_GCM_SHA256 / ed25519,sha-256,Directed,uses
ffdhe8192 / TLS_AES_128_GCM_SHA256 / ed25519,ed25519,Directed,uses
ffdhe8192 / TLS_AES_128_GCM_SHA256 / ed25519,sha-512,Directed,uses
Local_Research_Node,Data In Transit,Directed,contains
Data In Transit,TLS 1.3,Directed,carries
TLS 1.3,OpenSSL 3.0.17,Directed,implemented_by
OpenSSL 3.0.17,ffdhe8192 / TLS_AES_128_GCM_SHA256 / ecdsa_secp256r1_sha256,Directed,negotiates
ffdhe8192 / TLS_AES_128_GCM_SHA256 / ecdsa_secp256r1_sha256,ffdhe8192_supported,Directed,uses
ffdhe8192 / TLS_AES_128_GCM_SHA256 / ecdsa_secp256r1_sha256,aes-128,Directed,uses
ffdhe8192 / TLS_AES_128_GCM_SHA256 / ecdsa_secp256r1_sha256,sha-256,Directed,uses
ffdhe8192 / TLS_AES_128_GCM_SHA256 / ecdsa_secp256r1_sha256,ecdsa_secp256r1,Directed,uses
ffdhe8192 / TLS_AES_128_GCM_SHA256 / ecdsa_secp256r1_sha256,sha-256,Directed,uses
Local_Research_Node,Data In Transit,Directed,contains
Data In Transit,TLS 1.3,Directed,carries
TLS 1.3,OpenSSL 3.0.17,Directed,implemented_by
OpenSSL 3.0.17,ffdhe8192 / TLS_AES_128_GCM_SHA256 / ecdsa_secp384r1_sha384,Directed,negotiates
ffdhe8192 / TLS_AES_128_GCM_SHA256 / ecdsa_secp384r1_sha384,ffdhe8192_supported,Directed,uses
ffdhe8192 / TLS_AES_128_GCM_SHA256 / ecdsa_secp384r1_sha384,aes-128,Directed,uses
ffdhe8192 / TLS_AES_128_GCM_SHA256 / ecdsa_secp384r1_sha384,sha-256,Directed,uses
ffdhe8192 / TLS_AES_128_GCM_SHA256 / ecdsa_secp384r1_sha384,ecdsa_secp384r1,Directed,uses
ffdhe8192 / TLS_AES_128_GCM_SHA256 / ecdsa_secp384r1_sha384,sha-384,Directed,uses
Local_Research_Node,Data In Transit,Directed,contains
Data In Transit,TLS 1.3,Directed,carries
TLS 1.3,OpenSSL 3.0.17,Directed,implemented_by
OpenSSL 3.0.17,ffdhe8192 / TLS_AES_128_GCM_SHA256 / rsa_pss_rsae_sha384,Directed,negotiates
ffdhe8192 / TLS_AES_128_GCM_SHA256 / rsa_pss_rsae_sha384,ffdhe8192_supported,Directed,uses
ffdhe8192 / TLS_AES_128_GCM_SHA256 / rsa_pss_rsae_sha384,aes-128,Directed,uses
ffdhe8192 / TLS_AES_128_GCM_SHA256 / rsa_pss_rsae_sha384,sha-256,Directed,uses
ffdhe8192 / TLS_AES_128_GCM_SHA256 / rsa_pss_rsae_sha384,rsa-2048,Directed,uses
ffdhe8192 / TLS_AES_128_GCM_SHA256 / rsa_pss_rsae_sha384,sha-384,Directed,uses
Local_Research_Node,Data In Transit,Directed,contains
Data In Transit,TLS 1.3,Directed,carries
TLS 1.3,OpenSSL 3.0.17,Directed,implemented_by
OpenSSL 3.0.17,ffdhe8192 / TLS_AES_128_GCM_SHA256 / ed448,Directed,negotiates
ffdhe8192 / TLS_AES_128_GCM_SHA256 / ed448,ffdhe8192_supported,Directed,uses
ffdhe8192 / TLS_AES_128_GCM_SHA256 / ed448,aes-128,Directed,uses
ffdhe8192 / TLS_AES_128_GCM_SHA256 / ed448,sha-256,Directed,uses
ffdhe8192 / TLS_AES_128_GCM_SHA256 / ed448,ed448,Directed,uses
ffdhe8192 / TLS_AES_128_GCM_SHA256 / ed448,shake256,Directed,uses
Local_Research_Node,Data In Transit,Directed,contains
Data In Transit,TLS 1.3,Directed,carries
TLS 1.3,OpenSSL 3.0.17,Directed,implemented_by
OpenSSL 3.0.17,ffdhe8192 / TLS_AES_128_GCM_SHA256 / rsa_pss_rsae_sha512,Directed,negotiates
ffdhe8192 / TLS_AES_128_GCM_SHA256 / rsa_pss_rsae_sha512,ffdhe8192_supported,Directed,uses
ffdhe8192 / TLS_AES_128_GCM_SHA256 / rsa_pss_rsae_sha512,aes-128,Directed,uses
ffdhe8192 / TLS_AES_128_GCM_SHA256 / rsa_pss_rsae_sha512,sha-256,Directed,uses
ffdhe8192 / TLS_AES_128_GCM_SHA256 / rsa_pss_rsae_sha512,rsa-2048,Directed,uses
ffdhe8192 / TLS_AES_128_GCM_SHA256 / rsa_pss_rsae_sha512,sha-512,Directed,uses
Local_Research_Node,Data In Transit,Directed,contains
Data In Transit,TLS 1.3,Directed,carries
TLS 1.3,OpenSSL 3.0.17,Directed,implemented_by
OpenSSL 3.0.17,ffdhe8192 / TLS_CHACHA20_POLY1305_SHA256 / ecdsa_secp521r1_sha512,Directed,negotiates
ffdhe8192 / TLS_CHACHA20_POLY1305_SHA256 / ecdsa_secp521r1_sha512,ffdhe8192_supported,Directed,uses
ffdhe8192 / TLS_CHACHA20_POLY1305_SHA256 / ecdsa_secp521r1_sha512,chacha20,Directed,uses
ffdhe8192 / TLS_CHACHA20_POLY1305_SHA256 / ecdsa_secp521r1_sha512,sha-256,Directed,uses
ffdhe8192 / TLS_CHACHA20_POLY1305_SHA256 / ecdsa_secp521r1_sha512,ecdsa_secp521r1,Directed,uses
ffdhe8192 / TLS_CHACHA20_POLY1305_SHA256 / ecdsa_secp521r1_sha512,sha-512,Directed,uses
Local_Research_Node,Data In Transit,Directed,contains
Data In Transit,TLS 1.3,Directed,carries
TLS 1.3,OpenSSL 3.0.17,Directed,implemented_by
OpenSSL 3.0.17,ffdhe8192 / TLS_CHACHA20_POLY1305_SHA256 / rsa_pss_rsae_sha256,Directed,negotiates
ffdhe8192 / TLS_CHACHA20_POLY1305_SHA256 / rsa_pss_rsae_sha256,ffdhe8192_supported,Directed,uses
ffdhe8192 / TLS_CHACHA20_POLY1305_SHA256 / rsa_pss_rsae_sha256,chacha20,Directed,uses
ffdhe8192 / TLS_CHACHA20_POLY1305_SHA256 / rsa_pss_rsae_sha256,sha-256,Directed,uses
ffdhe8192 / TLS_CHACHA20_POLY1305_SHA256 / rsa_pss_rsae_sha256,rsa-2048,Directed,uses
ffdhe8192 / TLS_CHACHA20_POLY1305_SHA256 / rsa_pss_rsae_sha256,sha-256,Directed,uses
Local_Research_Node,Data In Transit,Directed,contains
Data In Transit,TLS 1.3,Directed,carries
TLS 1.3,OpenSSL 3.0.17,Directed,implemented_by
OpenSSL 3.0.17,ffdhe8192 / TLS_CHACHA20_POLY1305_SHA256 / ed25519,Directed,negotiates
ffdhe8192 / TLS_CHACHA20_POLY1305_SHA256 / ed25519,ffdhe8192_supported,Directed,uses
ffdhe8192 / TLS_CHACHA20_POLY1305_SHA256 / ed25519,chacha20,Directed,uses
ffdhe8192 / TLS_CHACHA20_POLY1305_SHA256 / ed25519,sha-256,Directed,uses
ffdhe8192 / TLS_CHACHA20_POLY1305_SHA256 / ed25519,ed25519,Directed,uses
ffdhe8192 / TLS_CHACHA20_POLY1305_SHA256 / ed25519,sha-512,Directed,uses
Local_Research_Node,Data In Transit,Directed,contains
Data In Transit,TLS 1.3,Directed,carries
TLS 1.3,OpenSSL 3.0.17,Directed,implemented_by
OpenSSL 3.0.17,ffdhe8192 / TLS_CHACHA20_POLY1305_SHA256 / ecdsa_secp256r1_sha256,Directed,negotiates
ffdhe8192 / TLS_CHACHA20_POLY1305_SHA256 / ecdsa_secp256r1_sha256,ffdhe8192_supported,Directed,uses
ffdhe8192 / TLS_CHACHA20_POLY1305_SHA256 / ecdsa_secp256r1_sha256,chacha20,Directed,uses
ffdhe8192 / TLS_CHACHA20_POLY1305_SHA256 / ecdsa_secp256r1_sha256,sha-256,Directed,uses
ffdhe8192 / TLS_CHACHA20_POLY1305_SHA256 / ecdsa_secp256r1_sha256,ecdsa_secp256r1,Directed,uses
ffdhe8192 / TLS_CHACHA20_POLY1305_SHA256 / ecdsa_secp256r1_sha256,sha-256,Directed,uses
Local_Research_Node,Data In Transit,Directed,contains
Data In Transit,TLS 1.3,Directed,carries
TLS 1.3,OpenSSL 3.0.17,Directed,implemented_by
OpenSSL 3.0.17,ffdhe8192 / TLS_CHACHA20_POLY1305_SHA256 / ecdsa_secp384r1_sha384,Directed,negotiates
ffdhe8192 / TLS_CHACHA20_POLY1305_SHA256 / ecdsa_secp384r1_sha384,ffdhe8192_supported,Directed,uses
ffdhe8192 / TLS_CHACHA20_POLY1305_SHA256 / ecdsa_secp384r1_sha384,chacha20,Directed,uses
ffdhe8192 / TLS_CHACHA20_POLY1305_SHA256 / ecdsa_secp384r1_sha384,sha-256,Directed,uses
ffdhe8192 / TLS_CHACHA20_POLY1305_SHA256 / ecdsa_secp384r1_sha384,ecdsa_secp384r1,Directed,uses
ffdhe8192 / TLS_CHACHA20_POLY1305_SHA256 / ecdsa_secp384r1_sha384,sha-384,Directed,uses
Local_Research_Node,Data In Transit,Directed,contains
Data In Transit,TLS 1.3,Directed,carries
TLS 1.3,OpenSSL 3.0.17,Directed,implemented_by
OpenSSL 3.0.17,ffdhe8192 / TLS_CHACHA20_POLY1305_SHA256 / rsa_pss_rsae_sha384,Directed,negotiates
ffdhe8192 / TLS_CHACHA20_POLY1305_SHA256 / rsa_pss_rsae_sha384,ffdhe8192_supported,Directed,uses
ffdhe8192 / TLS_CHACHA20_POLY1305_SHA256 / rsa_pss_rsae_sha384,chacha20,Directed,uses
ffdhe8192 / TLS_CHACHA20_POLY1305_SHA256 / rsa_pss_rsae_sha384,sha-256,Directed,uses
ffdhe8192 / TLS_CHACHA20_POLY1305_SHA256 / rsa_pss_rsae_sha384,rsa-2048,Directed,uses
ffdhe8192 / TLS_CHACHA20_POLY1305_SHA256 / rsa_pss_rsae_sha384,sha-384,Directed,uses
Local_Research_Node,Data In Transit,Directed,contains
Data In Transit,TLS 1.3,Directed,carries
TLS 1.3,OpenSSL 3.0.17,Directed,implemented_by
OpenSSL 3.0.17,ffdhe8192 / TLS_CHACHA20_POLY1305_SHA256 / ed448,Directed,negotiates
ffdhe8192 / TLS_CHACHA20_POLY1305_SHA256 / ed448,ffdhe8192_supported,Directed,uses
ffdhe8192 / TLS_CHACHA20_POLY1305_SHA256 / ed448,chacha20,Directed,uses
ffdhe8192 / TLS_CHACHA20_POLY1305_SHA256 / ed448,sha-256,Directed,uses
ffdhe8192 / TLS_CHACHA20_POLY1305_SHA256 / ed448,ed448,Directed,uses
ffdhe8192 / TLS_CHACHA20_POLY1305_SHA256 / ed448,shake256,Directed,uses
Local_Research_Node,Data In Transit,Directed,contains
Data In Transit,TLS 1.3,Directed,carries
TLS 1.3,OpenSSL 3.0.17,Directed,implemented_by
OpenSSL 3.0.17,ffdhe8192 / TLS_CHACHA20_POLY1305_SHA256 / rsa_pss_rsae_sha512,Directed,negotiates
ffdhe8192 / TLS_CHACHA20_POLY1305_SHA256 / rsa_pss_rsae_sha512,ffdhe8192_supported,Directed,uses
ffdhe8192 / TLS_CHACHA20_POLY1305_SHA256 / rsa_pss_rsae_sha512,chacha20,Directed,uses
ffdhe8192 / TLS_CHACHA20_POLY1305_SHA256 / rsa_pss_rsae_sha512,sha-256,Directed,uses
ffdhe8192 / TLS_CHACHA20_POLY1305_SHA256 / rsa_pss_rsae_sha512,rsa-2048,Directed,uses
ffdhe8192 / TLS_CHACHA20_POLY1305_SHA256 / rsa_pss_rsae_sha512,sha-512,Directed,uses
Local_Research_Node,Data In Transit,Directed,contains
Data In Transit,TLS 1.3,Directed,carries
TLS 1.3,OpenSSL 3.0.17,Directed,implemented_by
OpenSSL 3.0.17,ffdhe8192 / TLS_AES_256_GCM_SHA384 / ecdsa_secp521r1_sha512,Directed,negotiates
ffdhe8192 / TLS_AES_256_GCM_SHA384 / ecdsa_secp521r1_sha512,ffdhe8192_supported,Directed,uses
ffdhe8192 / TLS_AES_256_GCM_SHA384 / ecdsa_secp521r1_sha512,aes-256,Directed,uses
ffdhe8192 / TLS_AES_256_GCM_SHA384 / ecdsa_secp521r1_sha512,sha-384,Directed,uses
ffdhe8192 / TLS_AES_256_GCM_SHA384 / ecdsa_secp521r1_sha512,ecdsa_secp521r1,Directed,uses
ffdhe8192 / TLS_AES_256_GCM_SHA384 / ecdsa_secp521r1_sha512,sha-512,Directed,uses
Local_Research_Node,Data In Transit,Directed,contains
Data In Transit,TLS 1.3,Directed,carries
TLS 1.3,OpenSSL 3.0.17,Directed,implemented_by
OpenSSL 3.0.17,ffdhe8192 / TLS_AES_256_GCM_SHA384 / rsa_pss_rsae_sha256,Directed,negotiates
ffdhe8192 / TLS_AES_256_GCM_SHA384 / rsa_pss_rsae_sha256,ffdhe8192_supported,Directed,uses
ffdhe8192 / TLS_AES_256_GCM_SHA384 / rsa_pss_rsae_sha256,aes-256,Directed,uses
ffdhe8192 / TLS_AES_256_GCM_SHA384 / rsa_pss_rsae_sha256,sha-384,Directed,uses
ffdhe8192 / TLS_AES_256_GCM_SHA384 / rsa_pss_rsae_sha256,rsa-2048,Directed,uses
ffdhe8192 / TLS_AES_256_GCM_SHA384 / rsa_pss_rsae_sha256,sha-256,Directed,uses
Local_Research_Node,Data In Transit,Directed,contains
Data In Transit,TLS 1.3,Directed,carries
TLS 1.3,OpenSSL 3.0.17,Directed,implemented_by
OpenSSL 3.0.17,ffdhe8192 / TLS_AES_256_GCM_SHA384 / ed25519,Directed,negotiates
ffdhe8192 / TLS_AES_256_GCM_SHA384 / ed25519,ffdhe8192_supported,Directed,uses
ffdhe8192 / TLS_AES_256_GCM_SHA384 / ed25519,aes-256,Directed,uses
ffdhe8192 / TLS_AES_256_GCM_SHA384 / ed25519,sha-384,Directed,uses
ffdhe8192 / TLS_AES_256_GCM_SHA384 / ed25519,ed25519,Directed,uses
ffdhe8192 / TLS_AES_256_GCM_SHA384 / ed25519,sha-512,Directed,uses
Local_Research_Node,Data In Transit,Directed,contains
Data In Transit,TLS 1.3,Directed,carries
TLS 1.3,OpenSSL 3.0.17,Directed,implemented_by
OpenSSL 3.0.17,ffdhe8192 / TLS_AES_256_GCM_SHA384 / ecdsa_secp256r1_sha256,Directed,negotiates
ffdhe8192 / TLS_AES_256_GCM_SHA384 / ecdsa_secp256r1_sha256,ffdhe8192_supported,Directed,uses
ffdhe8192 / TLS_AES_256_GCM_SHA384 / ecdsa_secp256r1_sha256,aes-256,Directed,uses
ffdhe8192 / TLS_AES_256_GCM_SHA384 / ecdsa_secp256r1_sha256,sha-384,Directed,uses
ffdhe8192 / TLS_AES_256_GCM_SHA384 / ecdsa_secp256r1_sha256,ecdsa_secp256r1,Directed,uses
ffdhe8192 / TLS_AES_256_GCM_SHA384 / ecdsa_secp256r1_sha256,sha-256,Directed,uses
Local_Research_Node,Data In Transit,Directed,contains
Data In Transit,TLS 1.3,Directed,carries
TLS 1.3,OpenSSL 3.0.17,Directed,implemented_by
OpenSSL 3.0.17,ffdhe8192 / TLS_AES_256_GCM_SHA384 / ecdsa_secp384r1_sha384,Directed,negotiates
ffdhe8192 / TLS_AES_256_GCM_SHA384 / ecdsa_secp384r1_sha384,ffdhe8192_supported,Directed,uses
ffdhe8192 / TLS_AES_256_GCM_SHA384 / ecdsa_secp384r1_sha384,aes-256,Directed,uses
ffdhe8192 / TLS_AES_256_GCM_SHA384 / ecdsa_secp384r1_sha384,sha-384,Directed,uses
ffdhe8192 / TLS_AES_256_GCM_SHA384 / ecdsa_secp384r1_sha384,ecdsa_secp384r1,Directed,uses
ffdhe8192 / TLS_AES_256_GCM_SHA384 / ecdsa_secp384r1_sha384,sha-384,Directed,uses
Local_Research_Node,Data In Transit,Directed,contains
Data In Transit,TLS 1.3,Directed,carries
TLS 1.3,OpenSSL 3.0.17,Directed,implemented_by
OpenSSL 3.0.17,ffdhe8192 / TLS_AES_256_GCM_SHA384 / rsa_pss_rsae_sha384,Directed,negotiates
ffdhe8192 / TLS_AES_256_GCM_SHA384 / rsa_pss_rsae_sha384,ffdhe8192_supported,Directed,uses
ffdhe8192 / TLS_AES_256_GCM_SHA384 / rsa_pss_rsae_sha384,aes-256,Directed,uses
ffdhe8192 / TLS_AES_256_GCM_SHA384 / rsa_pss_rsae_sha384,sha-384,Directed,uses
ffdhe8192 / TLS_AES_256_GCM_SHA384 / rsa_pss_rsae_sha384,rsa-2048,Directed,uses
ffdhe8192 / TLS_AES_256_GCM_SHA384 / rsa_pss_rsae_sha384,sha-384,Directed,uses
Local_Research_Node,Data In Transit,Directed,contains
Data In Transit,TLS 1.3,Directed,carries
TLS 1.3,OpenSSL 3.0.17,Directed,implemented_by
OpenSSL 3.0.17,ffdhe8192 / TLS_AES_256_GCM_SHA384 / ed448,Directed,negotiates
ffdhe8192 / TLS_AES_256_GCM_SHA384 / ed448,ffdhe8192_supported,Directed,uses
ffdhe8192 / TLS_AES_256_GCM_SHA384 / ed448,aes-256,Directed,uses
ffdhe8192 / TLS_AES_256_GCM_SHA384 / ed448,sha-384,Directed,uses
ffdhe8192 / TLS_AES_256_GCM_SHA384 / ed448,ed448,Directed,uses
ffdhe8192 / TLS_AES_256_GCM_SHA384 / ed448,shake256,Directed,uses
Local_Research_Node,Data In Transit,Directed,contains
Data In Transit,TLS 1.3,Directed,carries
TLS 1.3,OpenSSL 3.0.17,Directed,implemented_by
OpenSSL 3.0.17,ffdhe8192 / TLS_AES_256_GCM_SHA384 / rsa_pss_rsae_sha512,Directed,negotiates
ffdhe8192 / TLS_AES_256_GCM_SHA384 / rsa_pss_rsae_sha512,ffdhe8192_supported,Directed,uses
ffdhe8192 / TLS_AES_256_GCM_SHA384 / rsa_pss_rsae_sha512,aes-256,Directed,uses
ffdhe8192 / TLS_AES_256_GCM_SHA384 / rsa_pss_rsae_sha512,sha-384,Directed,uses
ffdhe8192 / TLS_AES_256_GCM_SHA384 / rsa_pss_rsae_sha512,rsa-2048,Directed,uses
ffdhe8192 / TLS_AES_256_GCM_SHA384 / rsa_pss_rsae_sha512,sha-512,Directed,uses
Local_Research_Node,Data In Transit,Directed,contains
Data In Transit,TLS 1.3,Directed,carries
TLS 1.3,OpenSSL 3.0.17,Directed,implemented_by
OpenSSL 3.0.17,secp256r1 / TLS_AES_128_GCM_SHA256 / ecdsa_secp521r1_sha512,Directed,negotiates
secp256r1 / TLS_AES_128_GCM_SHA256 / ecdsa_secp521r1_sha512,ecdh_secp256r1,Directed,uses
secp256r1 / TLS_AES_128_GCM_SHA256 / ecdsa_secp521r1_sha512,aes-128,Directed,uses
secp256r1 / TLS_AES_128_GCM_SHA256 / ecdsa_secp521r1_sha512,sha-256,Directed,uses
secp256r1 / TLS_AES_128_GCM_SHA256 / ecdsa_secp521r1_sha512,ecdsa_secp521r1,Directed,uses
secp256r1 / TLS_AES_128_GCM_SHA256 / ecdsa_secp521r1_sha512,sha-512,Directed,uses
Local_Research_Node,Data In Transit,Directed,contains
Data In Transit,TLS 1.3,Directed,carries
TLS 1.3,OpenSSL 3.0.17,Directed,implemented_by
OpenSSL 3.0.17,secp256r1 / TLS_AES_128_GCM_SHA256 / rsa_pss_rsae_sha256,Directed,negotiates
secp256r1 / TLS_AES_128_GCM_SHA256 / rsa_pss_rsae_sha256,ecdh_secp256r1,Directed,uses
secp256r1 / TLS_AES_128_GCM_SHA256 / rsa_pss_rsae_sha256,aes-128,Directed,uses
secp256r1 / TLS_AES_128_GCM_SHA256 / rsa_pss_rsae_sha256,sha-256,Directed,uses
secp256r1 / TLS_AES_128_GCM_SHA256 / rsa_pss_rsae_sha256,rsa-2048,Directed,uses
secp256r1 / TLS_AES_128_GCM_SHA256 / rsa_pss_rsae_sha256,sha-256,Directed,uses
Local_Research_Node,Data In Transit,Directed,contains
Data In Transit,TLS 1.3,Directed,carries
TLS 1.3,OpenSSL 3.0.17,Directed,implemented_by
OpenSSL 3.0.17,secp256r1 / TLS_AES_128_GCM_SHA256 / ed25519,Directed,negotiates
secp256r1 / TLS_AES_128_GCM_SHA256 / ed25519,ecdh_secp256r1,Directed,uses
secp256r1 / TLS_AES_128_GCM_SHA256 / ed25519,aes-128,Directed,uses
secp256r1 / TLS_AES_128_GCM_SHA256 / ed25519,sha-256,Directed,uses
secp256r1 / TLS_AES_128_GCM_SHA256 / ed25519,ed25519,Directed,uses
secp256r1 / TLS_AES_128_GCM_SHA256 / ed25519,sha-512,Directed,uses
Local_Research_Node,Data In Transit,Directed,contains
Data In Transit,TLS 1.3,Directed,carries
TLS 1.3,OpenSSL 3.0.17,Directed,implemented_by
OpenSSL 3.0.17,secp256r1 / TLS_AES_128_GCM_SHA256 / ecdsa_secp256r1_sha256,Directed,negotiates
secp256r1 / TLS_AES_128_GCM_SHA256 / ecdsa_secp256r1_sha256,ecdh_secp256r1,Directed,uses
secp256r1 / TLS_AES_128_GCM_SHA256 / ecdsa_secp256r1_sha256,aes-128,Directed,uses
secp256r1 / TLS_AES_128_GCM_SHA256 / ecdsa_secp256r1_sha256,sha-256,Directed,uses
secp256r1 / TLS_AES_128_GCM_SHA256 / ecdsa_secp256r1_sha256,ecdsa_secp256r1,Directed,uses
secp256r1 / TLS_AES_128_GCM_SHA256 / ecdsa_secp256r1_sha256,sha-256,Directed,uses
Local_Research_Node,Data In Transit,Directed,contains
Data In Transit,TLS 1.3,Directed,carries
TLS 1.3,OpenSSL 3.0.17,Directed,implemented_by
OpenSSL 3.0.17,secp256r1 / TLS_AES_128_GCM_SHA256 / ecdsa_secp384r1_sha384,Directed,negotiates
secp256r1 / TLS_AES_128_GCM_SHA256 / ecdsa_secp384r1_sha384,ecdh_secp256r1,Directed,uses
secp256r1 / TLS_AES_128_GCM_SHA256 / ecdsa_secp384r1_sha384,aes-128,Directed,uses
secp256r1 / TLS_AES_128_GCM_SHA256 / ecdsa_secp384r1_sha384,sha-256,Directed,uses
secp256r1 / TLS_AES_128_GCM_SHA256 / ecdsa_secp384r1_sha384,ecdsa_secp384r1,Directed,uses
secp256r1 / TLS_AES_128_GCM_SHA256 / ecdsa_secp384r1_sha384,sha-384,Directed,uses
Local_Research_Node,Data In Transit,Directed,contains
Data In Transit,TLS 1.3,Directed,carries
TLS 1.3,OpenSSL 3.0.17,Directed,implemented_by
OpenSSL 3.0.17,secp256r1 / TLS_AES_128_GCM_SHA256 / rsa_pss_rsae_sha384,Directed,negotiates
secp256r1 / TLS_AES_128_GCM_SHA256 / rsa_pss_rsae_sha384,ecdh_secp256r1,Directed,uses
secp256r1 / TLS_AES_128_GCM_SHA256 / rsa_pss_rsae_sha384,aes-128,Directed,uses
secp256r1 / TLS_AES_128_GCM_SHA256 / rsa_pss_rsae_sha384,sha-256,Directed,uses
secp256r1 / TLS_AES_128_GCM_SHA256 / rsa_pss_rsae_sha384,rsa-2048,Directed,uses
secp256r1 / TLS_AES_128_GCM_SHA256 / rsa_pss_rsae_sha384,sha-384,Directed,uses
Local_Research_Node,Data In Transit,Directed,contains
Data In Transit,TLS 1.3,Directed,carries
TLS 1.3,OpenSSL 3.0.17,Directed,implemented_by
OpenSSL 3.0.17,secp256r1 / TLS_AES_128_GCM_SHA256 / ed448,Directed,negotiates
secp256r1 / TLS_AES_128_GCM_SHA256 / ed448,ecdh_secp256r1,Directed,uses
secp256r1 / TLS_AES_128_GCM_SHA256 / ed448,aes-128,Directed,uses
secp256r1 / TLS_AES_128_GCM_SHA256 / ed448,sha-256,Directed,uses
secp256r1 / TLS_AES_128_GCM_SHA256 / ed448,ed448,Directed,uses
secp256r1 / TLS_AES_128_GCM_SHA256 / ed448,shake256,Directed,uses
Local_Research_Node,Data In Transit,Directed,contains
Data In Transit,TLS 1.3,Directed,carries
TLS 1.3,OpenSSL 3.0.17,Directed,implemented_by
OpenSSL 3.0.17,secp256r1 / TLS_AES_128_GCM_SHA256 / rsa_pss_rsae_sha512,Directed,negotiates
secp256r1 / TLS_AES_128_GCM_SHA256 / rsa_pss_rsae_sha512,ecdh_secp256r1,Directed,uses
secp256r1 / TLS_AES_128_GCM_SHA256 / rsa_pss_rsae_sha512,aes-128,Directed,uses
secp256r1 / TLS_AES_128_GCM_SHA256 / rsa_pss_rsae_sha512,sha-256,Directed,uses
secp256r1 / TLS_AES_128_GCM_SHA256 / rsa_pss_rsae_sha512,rsa-2048,Directed,uses
secp256r1 / TLS_AES_128_GCM_SHA256 / rsa_pss_rsae_sha512,sha-512,Directed,uses
Local_Research_Node,Data In Transit,Directed,contains
Data In Transit,TLS 1.3,Directed,carries
TLS 1.3,OpenSSL 3.0.17,Directed,implemented_by
OpenSSL 3.0.17,secp256r1 / TLS_CHACHA20_POLY1305_SHA256 / ecdsa_secp521r1_sha512,Directed,negotiates
secp256r1 / TLS_CHACHA20_POLY1305_SHA256 / ecdsa_secp521r1_sha512,ecdh_secp256r1,Directed,uses
secp256r1 / TLS_CHACHA20_POLY1305_SHA256 / ecdsa_secp521r1_sha512,chacha20,Directed,uses
secp256r1 / TLS_CHACHA20_POLY1305_SHA256 / ecdsa_secp521r1_sha512,sha-256,Directed,uses
secp256r1 / TLS_CHACHA20_POLY1305_SHA256 / ecdsa_secp521r1_sha512,ecdsa_secp521r1,Directed,uses
secp256r1 / TLS_CHACHA20_POLY1305_SHA256 / ecdsa_secp521r1_sha512,sha-512,Directed,uses
Local_Research_Node,Data In Transit,Directed,contains
Data In Transit,TLS 1.3,Directed,carries
TLS 1.3,OpenSSL 3.0.17,Directed,implemented_by
OpenSSL 3.0.17,secp256r1 / TLS_CHACHA20_POLY1305_SHA256 / rsa_pss_rsae_sha256,Directed,negotiates
secp256r1 / TLS_CHACHA20_POLY1305_SHA256 / rsa_pss_rsae_sha256,ecdh_secp256r1,Directed,uses
secp256r1 / TLS_CHACHA20_POLY1305_SHA256 / rsa_pss_rsae_sha256,chacha20,Directed,uses
secp256r1 / TLS_CHACHA20_POLY1305_SHA256 / rsa_pss_rsae_sha256,sha-256,Directed,uses
secp256r1 / TLS_CHACHA20_POLY1305_SHA256 / rsa_pss_rsae_sha256,rsa-2048,Directed,uses
secp256r1 / TLS_CHACHA20_POLY1305_SHA256 / rsa_pss_rsae_sha256,sha-256,Directed,uses
Local_Research_Node,Data In Transit,Directed,contains
Data In Transit,TLS 1.3,Directed,carries
TLS 1.3,OpenSSL 3.0.17,Directed,implemented_by
OpenSSL 3.0.17,secp256r1 / TLS_CHACHA20_POLY1305_SHA256 / ed25519,Directed,negotiates
secp256r1 / TLS_CHACHA20_POLY1305_SHA256 / ed25519,ecdh_secp256r1,Directed,uses
secp256r1 / TLS_CHACHA20_POLY1305_SHA256 / ed25519,chacha20,Directed,uses
secp256r1 / TLS_CHACHA20_POLY1305_SHA256 / ed25519,sha-256,Directed,uses
secp256r1 / TLS_CHACHA20_POLY1305_SHA256 / ed25519,ed25519,Directed,uses
secp256r1 / TLS_CHACHA20_POLY1305_SHA256 / ed25519,sha-512,Directed,uses
Local_Research_Node,Data In Transit,Directed,contains
Data In Transit,TLS 1.3,Directed,carries
TLS 1.3,OpenSSL 3.0.17,Directed,implemented_by
OpenSSL 3.0.17,secp256r1 / TLS_CHACHA20_POLY1305_SHA256 / ecdsa_secp256r1_sha256,Directed,negotiates
secp256r1 / TLS_CHACHA20_POLY1305_SHA256 / ecdsa_secp256r1_sha256,ecdh_secp256r1,Directed,uses
secp256r1 / TLS_CHACHA20_POLY1305_SHA256 / ecdsa_secp256r1_sha256,chacha20,Directed,uses
secp256r1 / TLS_CHACHA20_POLY1305_SHA256 / ecdsa_secp256r1_sha256,sha-256,Directed,uses
secp256r1 / TLS_CHACHA20_POLY1305_SHA256 / ecdsa_secp256r1_sha256,ecdsa_secp256r1,Directed,uses
secp256r1 / TLS_CHACHA20_POLY1305_SHA256 / ecdsa_secp256r1_sha256,sha-256,Directed,uses
Local_Research_Node,Data In Transit,Directed,contains
Data In Transit,TLS 1.3,Directed,carries
TLS 1.3,OpenSSL 3.0.17,Directed,implemented_by
OpenSSL 3.0.17,secp256r1 / TLS_CHACHA20_POLY1305_SHA256 / ecdsa_secp384r1_sha384,Directed,negotiates
secp256r1 / TLS_CHACHA20_POLY1305_SHA256 / ecdsa_secp384r1_sha384,ecdh_secp256r1,Directed,uses
secp256r1 / TLS_CHACHA20_POLY1305_SHA256 / ecdsa_secp384r1_sha384,chacha20,Directed,uses
secp256r1 / TLS_CHACHA20_POLY1305_SHA256 / ecdsa_secp384r1_sha384,sha-256,Directed,uses
secp256r1 / TLS_CHACHA20_POLY1305_SHA256 / ecdsa_secp384r1_sha384,ecdsa_secp384r1,Directed,uses
secp256r1 / TLS_CHACHA20_POLY1305_SHA256 / ecdsa_secp384r1_sha384,sha-384,Directed,uses
Local_Research_Node,Data In Transit,Directed,contains
Data In Transit,TLS 1.3,Directed,carries
TLS 1.3,OpenSSL 3.0.17,Directed,implemented_by
OpenSSL 3.0.17,secp256r1 / TLS_CHACHA20_POLY1305_SHA256 / rsa_pss_rsae_sha384,Directed,negotiates
secp256r1 / TLS_CHACHA20_POLY1305_SHA256 / rsa_pss_rsae_sha384,ecdh_secp256r1,Directed,uses
secp256r1 / TLS_CHACHA20_POLY1305_SHA256 / rsa_pss_rsae_sha384,chacha20,Directed,uses
secp256r1 / TLS_CHACHA20_POLY1305_SHA256 / rsa_pss_rsae_sha384,sha-256,Directed,uses
secp256r1 / TLS_CHACHA20_POLY1305_SHA256 / rsa_pss_rsae_sha384,rsa-2048,Directed,uses
secp256r1 / TLS_CHACHA20_POLY1305_SHA256 / rsa_pss_rsae_sha384,sha-384,Directed,uses
Local_Research_Node,Data In Transit,Directed,contains
Data In Transit,TLS 1.3,Directed,carries
TLS 1.3,OpenSSL 3.0.17,Directed,implemented_by
OpenSSL 3.0.17,secp256r1 / TLS_CHACHA20_POLY1305_SHA256 / ed448,Directed,negotiates
secp256r1 / TLS_CHACHA20_POLY1305_SHA256 / ed448,ecdh_secp256r1,Directed,uses
secp256r1 / TLS_CHACHA20_POLY1305_SHA256 / ed448,chacha20,Directed,uses
secp256r1 / TLS_CHACHA20_POLY1305_SHA256 / ed448,sha-256,Directed,uses
secp256r1 / TLS_CHACHA20_POLY1305_SHA256 / ed448,ed448,Directed,uses
secp256r1 / TLS_CHACHA20_POLY1305_SHA256 / ed448,shake256,Directed,uses
Local_Research_Node,Data In Transit,Directed,contains
Data In Transit,TLS 1.3,Directed,carries
TLS 1.3,OpenSSL 3.0.17,Directed,implemented_by
OpenSSL 3.0.17,secp256r1 / TLS_CHACHA20_POLY1305_SHA256 / rsa_pss_rsae_sha512,Directed,negotiates
secp256r1 / TLS_CHACHA20_POLY1305_SHA256 / rsa_pss_rsae_sha512,ecdh_secp256r1,Directed,uses
secp256r1 / TLS_CHACHA20_POLY1305_SHA256 / rsa_pss_rsae_sha512,chacha20,Directed,uses
secp256r1 / TLS_CHACHA20_POLY1305_SHA256 / rsa_pss_rsae_sha512,sha-256,Directed,uses
secp256r1 / TLS_CHACHA20_POLY1305_SHA256 / rsa_pss_rsae_sha512,rsa-2048,Directed,uses
secp256r1 / TLS_CHACHA20_POLY1305_SHA256 / rsa_pss_rsae_sha512,sha-512,Directed,uses
Local_Research_Node,Data In Transit,Directed,contains
Data In Transit,TLS 1.3,Directed,carries
TLS 1.3,OpenSSL 3.0.17,Directed,implemented_by
OpenSSL 3.0.17,secp256r1 / TLS_AES_256_GCM_SHA384 / ecdsa_secp521r1_sha512,Directed,negotiates
secp256r1 / TLS_AES_256_GCM_SHA384 / ecdsa_secp521r1_sha512,ecdh_secp256r1,Directed,uses
secp256r1 / TLS_AES_256_GCM_SHA384 / ecdsa_secp521r1_sha512,aes-256,Directed,uses
secp256r1 / TLS_AES_256_GCM_SHA384 / ecdsa_secp521r1_sha512,sha-384,Directed,uses
secp256r1 / TLS_AES_256_GCM_SHA384 / ecdsa_secp521r1_sha512,ecdsa_secp521r1,Directed,uses
secp256r1 / TLS_AES_256_GCM_SHA384 / ecdsa_secp521r1_sha512,sha-512,Directed,uses
Local_Research_Node,Data In Transit,Directed,contains
Data In Transit,TLS 1.3,Directed,carries
TLS 1.3,OpenSSL 3.0.17,Directed,implemented_by
OpenSSL 3.0.17,secp256r1 / TLS_AES_256_GCM_SHA384 / rsa_pss_rsae_sha256,Directed,negotiates
secp256r1 / TLS_AES_256_GCM_SHA384 / rsa_pss_rsae_sha256,ecdh_secp256r1,Directed,uses
secp256r1 / TLS_AES_256_GCM_SHA384 / rsa_pss_rsae_sha256,aes-256,Directed,uses
secp256r1 / TLS_AES_256_GCM_SHA384 / rsa_pss_rsae_sha256,sha-384,Directed,uses
secp256r1 / TLS_AES_256_GCM_SHA384 / rsa_pss_rsae_sha256,rsa-2048,Directed,uses
secp256r1 / TLS_AES_256_GCM_SHA384 / rsa_pss_rsae_sha256,sha-256,Directed,uses
Local_Research_Node,Data In Transit,Directed,contains
Data In Transit,TLS 1.3,Directed,carries
TLS 1.3,OpenSSL 3.0.17,Directed,implemented_by
OpenSSL 3.0.17,secp256r1 / TLS_AES_256_GCM_SHA384 / ed25519,Directed,negotiates
secp256r1 / TLS_AES_256_GCM_SHA384 / ed25519,ecdh_secp256r1,Directed,uses
secp256r1 / TLS_AES_256_GCM_SHA384 / ed25519,aes-256,Directed,uses
secp256r1 / TLS_AES_256_GCM_SHA384 / ed25519,sha-384,Directed,uses
secp256r1 / TLS_AES_256_GCM_SHA384 / ed25519,ed25519,Directed,uses
secp256r1 / TLS_AES_256_GCM_SHA384 / ed25519,sha-512,Directed,uses
Local_Research_Node,Data In Transit,Directed,contains
Data In Transit,TLS 1.3,Directed,carries
TLS 1.3,OpenSSL 3.0.17,Directed,implemented_by
OpenSSL 3.0.17,secp256r1 / TLS_AES_256_GCM_SHA384 / ecdsa_secp256r1_sha256,Directed,negotiates
secp256r1 / TLS_AES_256_GCM_SHA384 / ecdsa_secp256r1_sha256,ecdh_secp256r1,Directed,uses
secp256r1 / TLS_AES_256_GCM_SHA384 / ecdsa_secp256r1_sha256,aes-256,Directed,uses
secp256r1 / TLS_AES_256_GCM_SHA384 / ecdsa_secp256r1_sha256,sha-384,Directed,uses
secp256r1 / TLS_AES_256_GCM_SHA384 / ecdsa_secp256r1_sha256,ecdsa_secp256r1,Directed,uses
secp256r1 / TLS_AES_256_GCM_SHA384 / ecdsa_secp256r1_sha256,sha-256,Directed,uses
Local_Research_Node,Data In Transit,Directed,contains
Data In Transit,TLS 1.3,Directed,carries
TLS 1.3,OpenSSL 3.0.17,Directed,implemented_by
OpenSSL 3.0.17,secp256r1 / TLS_AES_256_GCM_SHA384 / ecdsa_secp384r1_sha384,Directed,negotiates
secp256r1 / TLS_AES_256_GCM_SHA384 / ecdsa_secp384r1_sha384,ecdh_secp256r1,Directed,uses
secp256r1 / TLS_AES_256_GCM_SHA384 / ecdsa_secp384r1_sha384,aes-256,Directed,uses
secp256r1 / TLS_AES_256_GCM_SHA384 / ecdsa_secp384r1_sha384,sha-384,Directed,uses
secp256r1 / TLS_AES_256_GCM_SHA384 / ecdsa_secp384r1_sha384,ecdsa_secp384r1,Directed,uses
secp256r1 / TLS_AES_256_GCM_SHA384 / ecdsa_secp384r1_sha384,sha-384,Directed,uses
Local_Research_Node,Data In Transit,Directed,contains
Data In Transit,TLS 1.3,Directed,carries
TLS 1.3,OpenSSL 3.0.17,Directed,implemented_by
OpenSSL 3.0.17,secp256r1 / TLS_AES_256_GCM_SHA384 / rsa_pss_rsae_sha384,Directed,negotiates
secp256r1 / TLS_AES_256_GCM_SHA384 / rsa_pss_rsae_sha384,ecdh_secp256r1,Directed,uses
secp256r1 / TLS_AES_256_GCM_SHA384 / rsa_pss_rsae_sha384,aes-256,Directed,uses
secp256r1 / TLS_AES_256_GCM_SHA384 / rsa_pss_rsae_sha384,sha-384,Directed,uses
secp256r1 / TLS_AES_256_GCM_SHA384 / rsa_pss_rsae_sha384,rsa-2048,Directed,uses
secp256r1 / TLS_AES_256_GCM_SHA384 / rsa_pss_rsae_sha384,sha-384,Directed,uses
Local_Research_Node,Data In Transit,Directed,contains
Data In Transit,TLS 1.3,Directed,carries
TLS 1.3,OpenSSL 3.0.17,Directed,implemented_by
OpenSSL 3.0.17,secp256r1 / TLS_AES_256_GCM_SHA384 / ed448,Directed,negotiates
secp256r1 / TLS_AES_256_GCM_SHA384 / ed448,ecdh_secp256r1,Directed,uses
secp256r1 / TLS_AES_256_GCM_SHA384 / ed448,aes-256,Directed,uses
secp256r1 / TLS_AES_256_GCM_SHA384 / ed448,sha-384,Directed,uses
secp256r1 / TLS_AES_256_GCM_SHA384 / ed448,ed448,Directed,uses
secp256r1 / TLS_AES_256_GCM_SHA384 / ed448,shake256,Directed,uses
Local_Research_Node,Data In Transit,Directed,contains
Data In Transit,TLS 1.3,Directed,carries
TLS 1.3,OpenSSL 3.0.17,Directed,implemented_by
OpenSSL 3.0.17,secp256r1 / TLS_AES_256_GCM_SHA384 / rsa_pss_rsae_sha512,Directed,negotiates
secp256r1 / TLS_AES_256_GCM_SHA384 / rsa_pss_rsae_sha512,ecdh_secp256r1,Directed,uses
secp256r1 / TLS_AES_256_GCM_SHA384 / rsa_pss_rsae_sha512,aes-256,Directed,uses
secp256r1 / TLS_AES_256_GCM_SHA384 / rsa_pss_rsae_sha512,sha-384,Directed,uses
secp256r1 / TLS_AES_256_GCM_SHA384 / rsa_pss_rsae_sha512,rsa-2048,Directed,uses
secp256r1 / TLS_AES_256_GCM_SHA384 / rsa_pss_rsae_sha512,sha-512,Directed,uses
Local_Research_Node,Data In Transit,Directed,contains
Data In Transit,TLS 1.3,Directed,carries
TLS 1.3,OpenSSL 3.0.17,Directed,implemented_by
OpenSSL 3.0.17,ffdhe3072 / TLS_AES_128_GCM_SHA256 / ecdsa_secp521r1_sha512,Directed,negotiates
ffdhe3072 / TLS_AES_128_GCM_SHA256 / ecdsa_secp521r1_sha512,ffdhe3072_supported,Directed,uses
ffdhe3072 / TLS_AES_128_GCM_SHA256 / ecdsa_secp521r1_sha512,aes-128,Directed,uses
ffdhe3072 / TLS_AES_128_GCM_SHA256 / ecdsa_secp521r1_sha512,sha-256,Directed,uses
ffdhe3072 / TLS_AES_128_GCM_SHA256 / ecdsa_secp521r1_sha512,ecdsa_secp521r1,Directed,uses
ffdhe3072 / TLS_AES_128_GCM_SHA256 / ecdsa_secp521r1_sha512,sha-512,Directed,uses
Local_Research_Node,Data In Transit,Directed,contains
Data In Transit,TLS 1.3,Directed,carries
TLS 1.3,OpenSSL 3.0.17,Directed,implemented_by
OpenSSL 3.0.17,ffdhe3072 / TLS_AES_128_GCM_SHA256 / rsa_pss_rsae_sha256,Directed,negotiates
ffdhe3072 / TLS_AES_128_GCM_SHA256 / rsa_pss_rsae_sha256,ffdhe3072_supported,Directed,uses
ffdhe3072 / TLS_AES_128_GCM_SHA256 / rsa_pss_rsae_sha256,aes-128,Directed,uses
ffdhe3072 / TLS_AES_128_GCM_SHA256 / rsa_pss_rsae_sha256,sha-256,Directed,uses
ffdhe3072 / TLS_AES_128_GCM_SHA256 / rsa_pss_rsae_sha256,rsa-2048,Directed,uses
ffdhe3072 / TLS_AES_128_GCM_SHA256 / rsa_pss_rsae_sha256,sha-256,Directed,uses
Local_Research_Node,Data In Transit,Directed,contains
Data In Transit,TLS 1.3,Directed,carries
TLS 1.3,OpenSSL 3.0.17,Directed,implemented_by
OpenSSL 3.0.17,ffdhe3072 / TLS_AES_128_GCM_SHA256 / ed25519,Directed,negotiates
ffdhe3072 / TLS_AES_128_GCM_SHA256 / ed25519,ffdhe3072_supported,Directed,uses
ffdhe3072 / TLS_AES_128_GCM_SHA256 / ed25519,aes-128,Directed,uses
ffdhe3072 / TLS_AES_128_GCM_SHA256 / ed25519,sha-256,Directed,uses
ffdhe3072 / TLS_AES_128_GCM_SHA256 / ed25519,ed25519,Directed,uses
ffdhe3072 / TLS_AES_128_GCM_SHA256 / ed25519,sha-512,Directed,uses
Local_Research_Node,Data In Transit,Directed,contains
Data In Transit,TLS 1.3,Directed,carries
TLS 1.3,OpenSSL 3.0.17,Directed,implemented_by
OpenSSL 3.0.17,ffdhe3072 / TLS_AES_128_GCM_SHA256 / ecdsa_secp256r1_sha256,Directed,negotiates
ffdhe3072 / TLS_AES_128_GCM_SHA256 / ecdsa_secp256r1_sha256,ffdhe3072_supported,Directed,uses
ffdhe3072 / TLS_AES_128_GCM_SHA256 / ecdsa_secp256r1_sha256,aes-128,Directed,uses
ffdhe3072 / TLS_AES_128_GCM_SHA256 / ecdsa_secp256r1_sha256,sha-256,Directed,uses
ffdhe3072 / TLS_AES_128_GCM_SHA256 / ecdsa_secp256r1_sha256,ecdsa_secp256r1,Directed,uses
ffdhe3072 / TLS_AES_128_GCM_SHA256 / ecdsa_secp256r1_sha256,sha-256,Directed,uses
Local_Research_Node,Data In Transit,Directed,contains
Data In Transit,TLS 1.3,Directed,carries
TLS 1.3,OpenSSL 3.0.17,Directed,implemented_by
OpenSSL 3.0.17,ffdhe3072 / TLS_AES_128_GCM_SHA256 / ecdsa_secp384r1_sha384,Directed,negotiates
ffdhe3072 / TLS_AES_128_GCM_SHA256 / ecdsa_secp384r1_sha384,ffdhe3072_supported,Directed,uses
ffdhe3072 / TLS_AES_128_GCM_SHA256 / ecdsa_secp384r1_sha384,aes-128,Directed,uses
ffdhe3072 / TLS_AES_128_GCM_SHA256 / ecdsa_secp384r1_sha384,sha-256,Directed,uses
ffdhe3072 / TLS_AES_128_GCM_SHA256 / ecdsa_secp384r1_sha384,ecdsa_secp384r1,Directed,uses
ffdhe3072 / TLS_AES_128_GCM_SHA256 / ecdsa_secp384r1_sha384,sha-384,Directed,uses
Local_Research_Node,Data In Transit,Directed,contains
Data In Transit,TLS 1.3,Directed,carries
TLS 1.3,OpenSSL 3.0.17,Directed,implemented_by
OpenSSL 3.0.17,ffdhe3072 / TLS_AES_128_GCM_SHA256 / rsa_pss_rsae_sha384,Directed,negotiates
ffdhe3072 / TLS_AES_128_GCM_SHA256 / rsa_pss_rsae_sha384,ffdhe3072_supported,Directed,uses
ffdhe3072 / TLS_AES_128_GCM_SHA256 / rsa_pss_rsae_sha384,aes-128,Directed,uses
ffdhe3072 / TLS_AES_128_GCM_SHA256 / rsa_pss_rsae_sha384,sha-256,Directed,uses
ffdhe3072 / TLS_AES_128_GCM_SHA256 / rsa_pss_rsae_sha384,rsa-2048,Directed,uses
ffdhe3072 / TLS_AES_128_GCM_SHA256 / rsa_pss_rsae_sha384,sha-384,Directed,uses
Local_Research_Node,Data In Transit,Directed,contains
Data In Transit,TLS 1.3,Directed,carries
TLS 1.3,OpenSSL 3.0.17,Directed,implemented_by
OpenSSL 3.0.17,ffdhe3072 / TLS_AES_128_GCM_SHA256 / ed448,Directed,negotiates
ffdhe3072 / TLS_AES_128_GCM_SHA256 / ed448,ffdhe3072_supported,Directed,uses
ffdhe3072 / TLS_AES_128_GCM_SHA256 / ed448,aes-128,Directed,uses
ffdhe3072 / TLS_AES_128_GCM_SHA256 / ed448,sha-256,Directed,uses
ffdhe3072 / TLS_AES_128_GCM_SHA256 / ed448,ed448,Directed,uses
ffdhe3072 / TLS_AES_128_GCM_SHA256 / ed448,shake256,Directed,uses
Local_Research_Node,Data In Transit,Directed,contains
Data In Transit,TLS 1.3,Directed,carries
TLS 1.3,OpenSSL 3.0.17,Directed,implemented_by
OpenSSL 3.0.17,ffdhe3072 / TLS_AES_128_GCM_SHA256 / rsa_pss_rsae_sha512,Directed,negotiates
ffdhe3072 / TLS_AES_128_GCM_SHA256 / rsa_pss_rsae_sha512,ffdhe3072_supported,Directed,uses
ffdhe3072 / TLS_AES_128_GCM_SHA256 / rsa_pss_rsae_sha512,aes-128,Directed,uses
ffdhe3072 / TLS_AES_128_GCM_SHA256 / rsa_pss_rsae_sha512,sha-256,Directed,uses
ffdhe3072 / TLS_AES_128_GCM_SHA256 / rsa_pss_rsae_sha512,rsa-2048,Directed,uses
ffdhe3072 / TLS_AES_128_GCM_SHA256 / rsa_pss_rsae_sha512,sha-512,Directed,uses
Local_Research_Node,Data In Transit,Directed,contains
Data In Transit,TLS 1.3,Directed,carries
TLS 1.3,OpenSSL 3.0.17,Directed,implemented_by
OpenSSL 3.0.17,ffdhe3072 / TLS_CHACHA20_POLY1305_SHA256 / ecdsa_secp521r1_sha512,Directed,negotiates
ffdhe3072 / TLS_CHACHA20_POLY1305_SHA256 / ecdsa_secp521r1_sha512,ffdhe3072_supported,Directed,uses
ffdhe3072 / TLS_CHACHA20_POLY1305_SHA256 / ecdsa_secp521r1_sha512,chacha20,Directed,uses
ffdhe3072 / TLS_CHACHA20_POLY1305_SHA256 / ecdsa_secp521r1_sha512,sha-256,Directed,uses
ffdhe3072 / TLS_CHACHA20_POLY1305_SHA256 / ecdsa_secp521r1_sha512,ecdsa_secp521r1,Directed,uses
ffdhe3072 / TLS_CHACHA20_POLY1305_SHA256 / ecdsa_secp521r1_sha512,sha-512,Directed,uses
Local_Research_Node,Data In Transit,Directed,contains
Data In Transit,TLS 1.3,Directed,carries
TLS 1.3,OpenSSL 3.0.17,Directed,implemented_by
OpenSSL 3.0.17,ffdhe3072 / TLS_CHACHA20_POLY1305_SHA256 / rsa_pss_rsae_sha256,Directed,negotiates
ffdhe3072 / TLS_CHACHA20_POLY1305_SHA256 / rsa_pss_rsae_sha256,ffdhe3072_supported,Directed,uses
ffdhe3072 / TLS_CHACHA20_POLY1305_SHA256 / rsa_pss_rsae_sha256,chacha20,Directed,uses
ffdhe3072 / TLS_CHACHA20_POLY1305_SHA256 / rsa_pss_rsae_sha256,sha-256,Directed,uses
ffdhe3072 / TLS_CHACHA20_POLY1305_SHA256 / rsa_pss_rsae_sha256,rsa-2048,Directed,uses
ffdhe3072 / TLS_CHACHA20_POLY1305_SHA256 / rsa_pss_rsae_sha256,sha-256,Directed,uses
Local_Research_Node,Data In Transit,Directed,contains
Data In Transit,TLS 1.3,Directed,carries
TLS 1.3,OpenSSL 3.0.17,Directed,implemented_by
OpenSSL 3.0.17,ffdhe3072 / TLS_CHACHA20_POLY1305_SHA256 / ed25519,Directed,negotiates
ffdhe3072 / TLS_CHACHA20_POLY1305_SHA256 / ed25519,ffdhe3072_supported,Directed,uses
ffdhe3072 / TLS_CHACHA20_POLY1305_SHA256 / ed25519,chacha20,Directed,uses
ffdhe3072 / TLS_CHACHA20_POLY1305_SHA256 / ed25519,sha-256,Directed,uses
ffdhe3072 / TLS_CHACHA20_POLY1305_SHA256 / ed25519,ed25519,Directed,uses
ffdhe3072 / TLS_CHACHA20_POLY1305_SHA256 / ed25519,sha-512,Directed,uses
Local_Research_Node,Data In Transit,Directed,contains
Data In Transit,TLS 1.3,Directed,carries
TLS 1.3,OpenSSL 3.0.17,Directed,implemented_by
OpenSSL 3.0.17,ffdhe3072 / TLS_CHACHA20_POLY1305_SHA256 / ecdsa_secp256r1_sha256,Directed,negotiates
ffdhe3072 / TLS_CHACHA20_POLY1305_SHA256 / ecdsa_secp256r1_sha256,ffdhe3072_supported,Directed,uses
ffdhe3072 / TLS_CHACHA20_POLY1305_SHA256 / ecdsa_secp256r1_sha256,chacha20,Directed,uses
ffdhe3072 / TLS_CHACHA20_POLY1305_SHA256 / ecdsa_secp256r1_sha256,sha-256,Directed,uses
ffdhe3072 / TLS_CHACHA20_POLY1305_SHA256 / ecdsa_secp256r1_sha256,ecdsa_secp256r1,Directed,uses
ffdhe3072 / TLS_CHACHA20_POLY1305_SHA256 / ecdsa_secp256r1_sha256,sha-256,Directed,uses
Local_Research_Node,Data In Transit,Directed,contains
Data In Transit,TLS 1.3,Directed,carries
TLS 1.3,OpenSSL 3.0.17,Directed,implemented_by
OpenSSL 3.0.17,ffdhe3072 / TLS_CHACHA20_POLY1305_SHA256 / ecdsa_secp384r1_sha384,Directed,negotiates
ffdhe3072 / TLS_CHACHA20_POLY1305_SHA256 / ecdsa_secp384r1_sha384,ffdhe3072_supported,Directed,uses
ffdhe3072 / TLS_CHACHA20_POLY1305_SHA256 / ecdsa_secp384r1_sha384,chacha20,Directed,uses
ffdhe3072 / TLS_CHACHA20_POLY1305_SHA256 / ecdsa_secp384r1_sha384,sha-256,Directed,uses
ffdhe3072 / TLS_CHACHA20_POLY1305_SHA256 / ecdsa_secp384r1_sha384,ecdsa_secp384r1,Directed,uses
ffdhe3072 / TLS_CHACHA20_POLY1305_SHA256 / ecdsa_secp384r1_sha384,sha-384,Directed,uses
Local_Research_Node,Data In Transit,Directed,contains
Data In Transit,TLS 1.3,Directed,carries
TLS 1.3,OpenSSL 3.0.17,Directed,implemented_by
OpenSSL 3.0.17,ffdhe3072 / TLS_CHACHA20_POLY1305_SHA256 / rsa_pss_rsae_sha384,Directed,negotiates
ffdhe3072 / TLS_CHACHA20_POLY1305_SHA256 / rsa_pss_rsae_sha384,ffdhe3072_supported,Directed,uses
ffdhe3072 / TLS_CHACHA20_POLY1305_SHA256 / rsa_pss_rsae_sha384,chacha20,Directed,uses
ffdhe3072 / TLS_CHACHA20_POLY1305_SHA256 / rsa_pss_rsae_sha384,sha-256,Directed,uses
ffdhe3072 / TLS_CHACHA20_POLY1305_SHA256 / rsa_pss_rsae_sha384,rsa-2048,Directed,uses
ffdhe3072 / TLS_CHACHA20_POLY1305_SHA256 / rsa_pss_rsae_sha384,sha-384,Directed,uses
Local_Research_Node,Data In Transit,Directed,contains
Data In Transit,TLS 1.3,Directed,carries
TLS 1.3,OpenSSL 3.0.17,Directed,implemented_by
OpenSSL 3.0.17,ffdhe3072 / TLS_CHACHA20_POLY1305_SHA256 / ed448,Directed,negotiates
ffdhe3072 / TLS_CHACHA20_POLY1305_SHA256 / ed448,ffdhe3072_supported,Directed,uses
ffdhe3072 / TLS_CHACHA20_POLY1305_SHA256 / ed448,chacha20,Directed,uses
ffdhe3072 / TLS_CHACHA20_POLY1305_SHA256 / ed448,sha-256,Directed,uses
ffdhe3072 / TLS_CHACHA20_POLY1305_SHA256 / ed448,ed448,Directed,uses
ffdhe3072 / TLS_CHACHA20_POLY1305_SHA256 / ed448,shake256,Directed,uses
Local_Research_Node,Data In Transit,Directed,contains
Data In Transit,TLS 1.3,Directed,carries
TLS 1.3,OpenSSL 3.0.17,Directed,implemented_by
OpenSSL 3.0.17,ffdhe3072 / TLS_CHACHA20_POLY1305_SHA256 / rsa_pss_rsae_sha512,Directed,negotiates
ffdhe3072 / TLS_CHACHA20_POLY1305_SHA256 / rsa_pss_rsae_sha512,ffdhe3072_supported,Directed,uses
ffdhe3072 / TLS_CHACHA20_POLY1305_SHA256 / rsa_pss_rsae_sha512,chacha20,Directed,uses
ffdhe3072 / TLS_CHACHA20_POLY1305_SHA256 / rsa_pss_rsae_sha512,sha-256,Directed,uses
ffdhe3072 / TLS_CHACHA20_POLY1305_SHA256 / rsa_pss_rsae_sha512,rsa-2048,Directed,uses
ffdhe3072 / TLS_CHACHA20_POLY1305_SHA256 / rsa_pss_rsae_sha512,sha-512,Directed,uses
Local_Research_Node,Data In Transit,Directed,contains
Data In Transit,TLS 1.3,Directed,carries
TLS 1.3,OpenSSL 3.0.17,Directed,implemented_by
OpenSSL 3.0.17,ffdhe3072 / TLS_AES_256_GCM_SHA384 / ecdsa_secp521r1_sha512,Directed,negotiates
ffdhe3072 / TLS_AES_256_GCM_SHA384 / ecdsa_secp521r1_sha512,ffdhe3072_supported,Directed,uses
ffdhe3072 / TLS_AES_256_GCM_SHA384 / ecdsa_secp521r1_sha512,aes-256,Directed,uses
ffdhe3072 / TLS_AES_256_GCM_SHA384 / ecdsa_secp521r1_sha512,sha-384,Directed,uses
ffdhe3072 / TLS_AES_256_GCM_SHA384 / ecdsa_secp521r1_sha512,ecdsa_secp521r1,Directed,uses
ffdhe3072 / TLS_AES_256_GCM_SHA384 / ecdsa_secp521r1_sha512,sha-512,Directed,uses
Local_Research_Node,Data In Transit,Directed,contains
Data In Transit,TLS 1.3,Directed,carries
TLS 1.3,OpenSSL 3.0.17,Directed,implemented_by
OpenSSL 3.0.17,ffdhe3072 / TLS_AES_256_GCM_SHA384 / rsa_pss_rsae_sha256,Directed,negotiates
ffdhe3072 / TLS_AES_256_GCM_SHA384 / rsa_pss_rsae_sha256,ffdhe3072_supported,Directed,uses
ffdhe3072 / TLS_AES_256_GCM_SHA384 / rsa_pss_rsae_sha256,aes-256,Directed,uses
ffdhe3072 / TLS_AES_256_GCM_SHA384 / rsa_pss_rsae_sha256,sha-384,Directed,uses
ffdhe3072 / TLS_AES_256_GCM_SHA384 / rsa_pss_rsae_sha256,rsa-2048,Directed,uses
ffdhe3072 / TLS_AES_256_GCM_SHA384 / rsa_pss_rsae_sha256,sha-256,Directed,uses
Local_Research_Node,Data In Transit,Directed,contains
Data In Transit,TLS 1.3,Directed,carries
TLS 1.3,OpenSSL 3.0.17,Directed,implemented_by
OpenSSL 3.0.17,ffdhe3072 / TLS_AES_256_GCM_SHA384 / ed25519,Directed,negotiates
ffdhe3072 / TLS_AES_256_GCM_SHA384 / ed25519,ffdhe3072_supported,Directed,uses
ffdhe3072 / TLS_AES_256_GCM_SHA384 / ed25519,aes-256,Directed,uses
ffdhe3072 / TLS_AES_256_GCM_SHA384 / ed25519,sha-384,Directed,uses
ffdhe3072 / TLS_AES_256_GCM_SHA384 / ed25519,ed25519,Directed,uses
ffdhe3072 / TLS_AES_256_GCM_SHA384 / ed25519,sha-512,Directed,uses
Local_Research_Node,Data In Transit,Directed,contains
Data In Transit,TLS 1.3,Directed,carries
TLS 1.3,OpenSSL 3.0.17,Directed,implemented_by
OpenSSL 3.0.17,ffdhe3072 / TLS_AES_256_GCM_SHA384 / ecdsa_secp256r1_sha256,Directed,negotiates
ffdhe3072 / TLS_AES_256_GCM_SHA384 / ecdsa_secp256r1_sha256,ffdhe3072_supported,Directed,uses
ffdhe3072 / TLS_AES_256_GCM_SHA384 / ecdsa_secp256r1_sha256,aes-256,Directed,uses
ffdhe3072 / TLS_AES_256_GCM_SHA384 / ecdsa_secp256r1_sha256,sha-384,Directed,uses
ffdhe3072 / TLS_AES_256_GCM_SHA384 / ecdsa_secp256r1_sha256,ecdsa_secp256r1,Directed,uses
ffdhe3072 / TLS_AES_256_GCM_SHA384 / ecdsa_secp256r1_sha256,sha-256,Directed,uses
Local_Research_Node,Data In Transit,Directed,contains
Data In Transit,TLS 1.3,Directed,carries
TLS 1.3,OpenSSL 3.0.17,Directed,implemented_by
OpenSSL 3.0.17,ffdhe3072 / TLS_AES_256_GCM_SHA384 / ecdsa_secp384r1_sha384,Directed,negotiates
ffdhe3072 / TLS_AES_256_GCM_SHA384 / ecdsa_secp384r1_sha384,ffdhe3072_supported,Directed,uses
ffdhe3072 / TLS_AES_256_GCM_SHA384 / ecdsa_secp384r1_sha384,aes-256,Directed,uses
ffdhe3072 / TLS_AES_256_GCM_SHA384 / ecdsa_secp384r1_sha384,sha-384,Directed,uses
ffdhe3072 / TLS_AES_256_GCM_SHA384 / ecdsa_secp384r1_sha384,ecdsa_secp384r1,Directed,uses
ffdhe3072 / TLS_AES_256_GCM_SHA384 / ecdsa_secp384r1_sha384,sha-384,Directed,uses
Local_Research_Node,Data In Transit,Directed,contains
Data In Transit,TLS 1.3,Directed,carries
TLS 1.3,OpenSSL 3.0.17,Directed,implemented_by
OpenSSL 3.0.17,ffdhe3072 / TLS_AES_256_GCM_SHA384 / rsa_pss_rsae_sha384,Directed,negotiates
ffdhe3072 / TLS_AES_256_GCM_SHA384 / rsa_pss_rsae_sha384,ffdhe3072_supported,Directed,uses
ffdhe3072 / TLS_AES_256_GCM_SHA384 / rsa_pss_rsae_sha384,aes-256,Directed,uses
ffdhe3072 / TLS_AES_256_GCM_SHA384 / rsa_pss_rsae_sha384,sha-384,Directed,uses
ffdhe3072 / TLS_AES_256_GCM_SHA384 / rsa_pss_rsae_sha384,rsa-2048,Directed,uses
ffdhe3072 / TLS_AES_256_GCM_SHA384 / rsa_pss_rsae_sha384,sha-384,Directed,uses
Local_Research_Node,Data In Transit,Directed,contains
Data In Transit,TLS 1.3,Directed,carries
TLS 1.3,OpenSSL 3.0.17,Directed,implemented_by
OpenSSL 3.0.17,ffdhe3072 / TLS_AES_256_GCM_SHA384 / ed448,Directed,negotiates
ffdhe3072 / TLS_AES_256_GCM_SHA384 / ed448,ffdhe3072_supported,Directed,uses
ffdhe3072 / TLS_AES_256_GCM_SHA384 / ed448,aes-256,Directed,uses
ffdhe3072 / TLS_AES_256_GCM_SHA384 / ed448,sha-384,Directed,uses
ffdhe3072 / TLS_AES_256_GCM_SHA384 / ed448,ed448,Directed,uses
ffdhe3072 / TLS_AES_256_GCM_SHA384 / ed448,shake256,Directed,uses
Local_Research_Node,Data In Transit,Directed,contains
Data In Transit,TLS 1.3,Directed,carries
TLS 1.3,OpenSSL 3.0.17,Directed,implemented_by
OpenSSL 3.0.17,ffdhe3072 / TLS_AES_256_GCM_SHA384 / rsa_pss_rsae_sha512,Directed,negotiates
ffdhe3072 / TLS_AES_256_GCM_SHA384 / rsa_pss_rsae_sha512,ffdhe3072_supported,Directed,uses
ffdhe3072 / TLS_AES_256_GCM_SHA384 / rsa_pss_rsae_sha512,aes-256,Directed,uses
ffdhe3072 / TLS_AES_256_GCM_SHA384 / rsa_pss_rsae_sha512,sha-384,Directed,uses
ffdhe3072 / TLS_AES_256_GCM_SHA384 / rsa_pss_rsae_sha512,rsa-2048,Directed,uses
ffdhe3072 / TLS_AES_256_GCM_SHA384 / rsa_pss_rsae_sha512,sha-512,Directed,uses
Local_Research_Node,Data In Transit,Directed,contains
Data In Transit,TLS 1.3,Directed,carries
TLS 1.3,OpenSSL 3.0.17,Directed,implemented_by
OpenSSL 3.0.17,ffdhe4096 / TLS_AES_128_GCM_SHA256 / ecdsa_secp521r1_sha512,Directed,negotiates
ffdhe4096 / TLS_AES_128_GCM_SHA256 / ecdsa_secp521r1_sha512,ffdhe4096_supported,Directed,uses
ffdhe4096 / TLS_AES_128_GCM_SHA256 / ecdsa_secp521r1_sha512,aes-128,Directed,uses
ffdhe4096 / TLS_AES_128_GCM_SHA256 / ecdsa_secp521r1_sha512,sha-256,Directed,uses
ffdhe4096 / TLS_AES_128_GCM_SHA256 / ecdsa_secp521r1_sha512,ecdsa_secp521r1,Directed,uses
ffdhe4096 / TLS_AES_128_GCM_SHA256 / ecdsa_secp521r1_sha512,sha-512,Directed,uses
Local_Research_Node,Data In Transit,Directed,contains
Data In Transit,TLS 1.3,Directed,carries
TLS 1.3,OpenSSL 3.0.17,Directed,implemented_by
OpenSSL 3.0.17,ffdhe4096 / TLS_AES_128_GCM_SHA256 / rsa_pss_rsae_sha256,Directed,negotiates
ffdhe4096 / TLS_AES_128_GCM_SHA256 / rsa_pss_rsae_sha256,ffdhe4096_supported,Directed,uses
ffdhe4096 / TLS_AES_128_GCM_SHA256 / rsa_pss_rsae_sha256,aes-128,Directed,uses
ffdhe4096 / TLS_AES_128_GCM_SHA256 / rsa_pss_rsae_sha256,sha-256,Directed,uses
ffdhe4096 / TLS_AES_128_GCM_SHA256 / rsa_pss_rsae_sha256,rsa-2048,Directed,uses
ffdhe4096 / TLS_AES_128_GCM_SHA256 / rsa_pss_rsae_sha256,sha-256,Directed,uses
Local_Research_Node,Data In Transit,Directed,contains
Data In Transit,TLS 1.3,Directed,carries
TLS 1.3,OpenSSL 3.0.17,Directed,implemented_by
OpenSSL 3.0.17,ffdhe4096 / TLS_AES_128_GCM_SHA256 / ed25519,Directed,negotiates
ffdhe4096 / TLS_AES_128_GCM_SHA256 / ed25519,ffdhe4096_supported,Directed,uses
ffdhe4096 / TLS_AES_128_GCM_SHA256 / ed25519,aes-128,Directed,uses
ffdhe4096 / TLS_AES_128_GCM_SHA256 / ed25519,sha-256,Directed,uses
ffdhe4096 / TLS_AES_128_GCM_SHA256 / ed25519,ed25519,Directed,uses
ffdhe4096 / TLS_AES_128_GCM_SHA256 / ed25519,sha-512,Directed,uses
Local_Research_Node,Data In Transit,Directed,contains
Data In Transit,TLS 1.3,Directed,carries
TLS 1.3,OpenSSL 3.0.17,Directed,implemented_by
OpenSSL 3.0.17,ffdhe4096 / TLS_AES_128_GCM_SHA256 / ecdsa_secp256r1_sha256,Directed,negotiates
ffdhe4096 / TLS_AES_128_GCM_SHA256 / ecdsa_secp256r1_sha256,ffdhe4096_supported,Directed,uses
ffdhe4096 / TLS_AES_128_GCM_SHA256 / ecdsa_secp256r1_sha256,aes-128,Directed,uses
ffdhe4096 / TLS_AES_128_GCM_SHA256 / ecdsa_secp256r1_sha256,sha-256,Directed,uses
ffdhe4096 / TLS_AES_128_GCM_SHA256 / ecdsa_secp256r1_sha256,ecdsa_secp256r1,Directed,uses
ffdhe4096 / TLS_AES_128_GCM_SHA256 / ecdsa_secp256r1_sha256,sha-256,Directed,uses
Local_Research_Node,Data In Transit,Directed,contains
Data In Transit,TLS 1.3,Directed,carries
TLS 1.3,OpenSSL 3.0.17,Directed,implemented_by
OpenSSL 3.0.17,ffdhe4096 / TLS_AES_128_GCM_SHA256 / ecdsa_secp384r1_sha384,Directed,negotiates
ffdhe4096 / TLS_AES_128_GCM_SHA256 / ecdsa_secp384r1_sha384,ffdhe4096_supported,Directed,uses
ffdhe4096 / TLS_AES_128_GCM_SHA256 / ecdsa_secp384r1_sha384,aes-128,Directed,uses
ffdhe4096 / TLS_AES_128_GCM_SHA256 / ecdsa_secp384r1_sha384,sha-256,Directed,uses
ffdhe4096 / TLS_AES_128_GCM_SHA256 / ecdsa_secp384r1_sha384,ecdsa_secp384r1,Directed,uses
ffdhe4096 / TLS_AES_128_GCM_SHA256 / ecdsa_secp384r1_sha384,sha-384,Directed,uses
Local_Research_Node,Data In Transit,Directed,contains
Data In Transit,TLS 1.3,Directed,carries
TLS 1.3,OpenSSL 3.0.17,Directed,implemented_by
OpenSSL 3.0.17,ffdhe4096 / TLS_AES_128_GCM_SHA256 / rsa_pss_rsae_sha384,Directed,negotiates
ffdhe4096 / TLS_AES_128_GCM_SHA256 / rsa_pss_rsae_sha384,ffdhe4096_supported,Directed,uses
ffdhe4096 / TLS_AES_128_GCM_SHA256 / rsa_pss_rsae_sha384,aes-128,Directed,uses
ffdhe4096 / TLS_AES_128_GCM_SHA256 / rsa_pss_rsae_sha384,sha-256,Directed,uses
ffdhe4096 / TLS_AES_128_GCM_SHA256 / rsa_pss_rsae_sha384,rsa-2048,Directed,uses
ffdhe4096 / TLS_AES_128_GCM_SHA256 / rsa_pss_rsae_sha384,sha-384,Directed,uses
Local_Research_Node,Data In Transit,Directed,contains
Data In Transit,TLS 1.3,Directed,carries
TLS 1.3,OpenSSL 3.0.17,Directed,implemented_by
OpenSSL 3.0.17,ffdhe4096 / TLS_AES_128_GCM_SHA256 / ed448,Directed,negotiates
ffdhe4096 / TLS_AES_128_GCM_SHA256 / ed448,ffdhe4096_supported,Directed,uses
ffdhe4096 / TLS_AES_128_GCM_SHA256 / ed448,aes-128,Directed,uses
ffdhe4096 / TLS_AES_128_GCM_SHA256 / ed448,sha-256,Directed,uses
ffdhe4096 / TLS_AES_128_GCM_SHA256 / ed448,ed448,Directed,uses
ffdhe4096 / TLS_AES_128_GCM_SHA256 / ed448,shake256,Directed,uses
Local_Research_Node,Data In Transit,Directed,contains
Data In Transit,TLS 1.3,Directed,carries
TLS 1.3,OpenSSL 3.0.17,Directed,implemented_by
OpenSSL 3.0.17,ffdhe4096 / TLS_AES_128_GCM_SHA256 / rsa_pss_rsae_sha512,Directed,negotiates
ffdhe4096 / TLS_AES_128_GCM_SHA256 / rsa_pss_rsae_sha512,ffdhe4096_supported,Directed,uses
ffdhe4096 / TLS_AES_128_GCM_SHA256 / rsa_pss_rsae_sha512,aes-128,Directed,uses
ffdhe4096 / TLS_AES_128_GCM_SHA256 / rsa_pss_rsae_sha512,sha-256,Directed,uses
ffdhe4096 / TLS_AES_128_GCM_SHA256 / rsa_pss_rsae_sha512,rsa-2048,Directed,uses
ffdhe4096 / TLS_AES_128_GCM_SHA256 / rsa_pss_rsae_sha512,sha-512,Directed,uses
Local_Research_Node,Data In Transit,Directed,contains
Data In Transit,TLS 1.3,Directed,carries
TLS 1.3,OpenSSL 3.0.17,Directed,implemented_by
OpenSSL 3.0.17,ffdhe4096 / TLS_CHACHA20_POLY1305_SHA256 / ecdsa_secp521r1_sha512,Directed,negotiates
ffdhe4096 / TLS_CHACHA20_POLY1305_SHA256 / ecdsa_secp521r1_sha512,ffdhe4096_supported,Directed,uses
ffdhe4096 / TLS_CHACHA20_POLY1305_SHA256 / ecdsa_secp521r1_sha512,chacha20,Directed,uses
ffdhe4096 / TLS_CHACHA20_POLY1305_SHA256 / ecdsa_secp521r1_sha512,sha-256,Directed,uses
ffdhe4096 / TLS_CHACHA20_POLY1305_SHA256 / ecdsa_secp521r1_sha512,ecdsa_secp521r1,Directed,uses
ffdhe4096 / TLS_CHACHA20_POLY1305_SHA256 / ecdsa_secp521r1_sha512,sha-512,Directed,uses
Local_Research_Node,Data In Transit,Directed,contains
Data In Transit,TLS 1.3,Directed,carries
TLS 1.3,OpenSSL 3.0.17,Directed,implemented_by
OpenSSL 3.0.17,ffdhe4096 / TLS_CHACHA20_POLY1305_SHA256 / rsa_pss_rsae_sha256,Directed,negotiates
ffdhe4096 / TLS_CHACHA20_POLY1305_SHA256 / rsa_pss_rsae_sha256,ffdhe4096_supported,Directed,uses
ffdhe4096 / TLS_CHACHA20_POLY1305_SHA256 / rsa_pss_rsae_sha256,chacha20,Directed,uses
ffdhe4096 / TLS_CHACHA20_POLY1305_SHA256 / rsa_pss_rsae_sha256,sha-256,Directed,uses
ffdhe4096 / TLS_CHACHA20_POLY1305_SHA256 / rsa_pss_rsae_sha256,rsa-2048,Directed,uses
ffdhe4096 / TLS_CHACHA20_POLY1305_SHA256 / rsa_pss_rsae_sha256,sha-256,Directed,uses
Local_Research_Node,Data In Transit,Directed,contains
Data In Transit,TLS 1.3,Directed,carries
TLS 1.3,OpenSSL 3.0.17,Directed,implemented_by
OpenSSL 3.0.17,ffdhe4096 / TLS_CHACHA20_POLY1305_SHA256 / ed25519,Directed,negotiates
ffdhe4096 / TLS_CHACHA20_POLY1305_SHA256 / ed25519,ffdhe4096_supported,Directed,uses
ffdhe4096 / TLS_CHACHA20_POLY1305_SHA256 / ed25519,chacha20,Directed,uses
ffdhe4096 / TLS_CHACHA20_POLY1305_SHA256 / ed25519,sha-256,Directed,uses
ffdhe4096 / TLS_CHACHA20_POLY1305_SHA256 / ed25519,ed25519,Directed,uses
ffdhe4096 / TLS_CHACHA20_POLY1305_SHA256 / ed25519,sha-512,Directed,uses
Local_Research_Node,Data In Transit,Directed,contains
Data In Transit,TLS 1.3,Directed,carries
TLS 1.3,OpenSSL 3.0.17,Directed,implemented_by
OpenSSL 3.0.17,ffdhe4096 / TLS_CHACHA20_POLY1305_SHA256 / ecdsa_secp256r1_sha256,Directed,negotiates
ffdhe4096 / TLS_CHACHA20_POLY1305_SHA256 / ecdsa_secp256r1_sha256,ffdhe4096_supported,Directed,uses
ffdhe4096 / TLS_CHACHA20_POLY1305_SHA256 / ecdsa_secp256r1_sha256,chacha20,Directed,uses
ffdhe4096 / TLS_CHACHA20_POLY1305_SHA256 / ecdsa_secp256r1_sha256,sha-256,Directed,uses
ffdhe4096 / TLS_CHACHA20_POLY1305_SHA256 / ecdsa_secp256r1_sha256,ecdsa_secp256r1,Directed,uses
ffdhe4096 / TLS_CHACHA20_POLY1305_SHA256 / ecdsa_secp256r1_sha256,sha-256,Directed,uses
Local_Research_Node,Data In Transit,Directed,contains
Data In Transit,TLS 1.3,Directed,carries
TLS 1.3,OpenSSL 3.0.17,Directed,implemented_by
OpenSSL 3.0.17,ffdhe4096 / TLS_CHACHA20_POLY1305_SHA256 / ecdsa_secp384r1_sha384,Directed,negotiates
ffdhe4096 / TLS_CHACHA20_POLY1305_SHA256 / ecdsa_secp384r1_sha384,ffdhe4096_supported,Directed,uses
ffdhe4096 / TLS_CHACHA20_POLY1305_SHA256 / ecdsa_secp384r1_sha384,chacha20,Directed,uses
ffdhe4096 / TLS_CHACHA20_POLY1305_SHA256 / ecdsa_secp384r1_sha384,sha-256,Directed,uses
ffdhe4096 / TLS_CHACHA20_POLY1305_SHA256 / ecdsa_secp384r1_sha384,ecdsa_secp384r1,Directed,uses
ffdhe4096 / TLS_CHACHA20_POLY1305_SHA256 / ecdsa_secp384r1_sha384,sha-384,Directed,uses
Local_Research_Node,Data In Transit,Directed,contains
Data In Transit,TLS 1.3,Directed,carries
TLS 1.3,OpenSSL 3.0.17,Directed,implemented_by
OpenSSL 3.0.17,ffdhe4096 / TLS_CHACHA20_POLY1305_SHA256 / rsa_pss_rsae_sha384,Directed,negotiates
ffdhe4096 / TLS_CHACHA20_POLY1305_SHA256 / rsa_pss_rsae_sha384,ffdhe4096_supported,Directed,uses
ffdhe4096 / TLS_CHACHA20_POLY1305_SHA256 / rsa_pss_rsae_sha384,chacha20,Directed,uses
ffdhe4096 / TLS_CHACHA20_POLY1305_SHA256 / rsa_pss_rsae_sha384,sha-256,Directed,uses
ffdhe4096 / TLS_CHACHA20_POLY1305_SHA256 / rsa_pss_rsae_sha384,rsa-2048,Directed,uses
ffdhe4096 / TLS_CHACHA20_POLY1305_SHA256 / rsa_pss_rsae_sha384,sha-384,Directed,uses
Local_Research_Node,Data In Transit,Directed,contains
Data In Transit,TLS 1.3,Directed,carries
TLS 1.3,OpenSSL 3.0.17,Directed,implemented_by
OpenSSL 3.0.17,ffdhe4096 / TLS_CHACHA20_POLY1305_SHA256 / ed448,Directed,negotiates
ffdhe4096 / TLS_CHACHA20_POLY1305_SHA256 / ed448,ffdhe4096_supported,Directed,uses
ffdhe4096 / TLS_CHACHA20_POLY1305_SHA256 / ed448,chacha20,Directed,uses
ffdhe4096 / TLS_CHACHA20_POLY1305_SHA256 / ed448,sha-256,Directed,uses
ffdhe4096 / TLS_CHACHA20_POLY1305_SHA256 / ed448,ed448,Directed,uses
ffdhe4096 / TLS_CHACHA20_POLY1305_SHA256 / ed448,shake256,Directed,uses
Local_Research_Node,Data In Transit,Directed,contains
Data In Transit,TLS 1.3,Directed,carries
TLS 1.3,OpenSSL 3.0.17,Directed,implemented_by
OpenSSL 3.0.17,ffdhe4096 / TLS_CHACHA20_POLY1305_SHA256 / rsa_pss_rsae_sha512,Directed,negotiates
ffdhe4096 / TLS_CHACHA20_POLY1305_SHA256 / rsa_pss_rsae_sha512,ffdhe4096_supported,Directed,uses
ffdhe4096 / TLS_CHACHA20_POLY1305_SHA256 / rsa_pss_rsae_sha512,chacha20,Directed,uses
ffdhe4096 / TLS_CHACHA20_POLY1305_SHA256 / rsa_pss_rsae_sha512,sha-256,Directed,uses
ffdhe4096 / TLS_CHACHA20_POLY1305_SHA256 / rsa_pss_rsae_sha512,rsa-2048,Directed,uses
ffdhe4096 / TLS_CHACHA20_POLY1305_SHA256 / rsa_pss_rsae_sha512,sha-512,Directed,uses
Local_Research_Node,Data In Transit,Directed,contains
Data In Transit,TLS 1.3,Directed,carries
TLS 1.3,OpenSSL 3.0.17,Directed,implemented_by
OpenSSL 3.0.17,ffdhe4096 / TLS_AES_256_GCM_SHA384 / ecdsa_secp521r1_sha512,Directed,negotiates
ffdhe4096 / TLS_AES_256_GCM_SHA384 / ecdsa_secp521r1_sha512,ffdhe4096_supported,Directed,uses
ffdhe4096 / TLS_AES_256_GCM_SHA384 / ecdsa_secp521r1_sha512,aes-256,Directed,uses
ffdhe4096 / TLS_AES_256_GCM_SHA384 / ecdsa_secp521r1_sha512,sha-384,Directed,uses
ffdhe4096 / TLS_AES_256_GCM_SHA384 / ecdsa_secp521r1_sha512,ecdsa_secp521r1,Directed,uses
ffdhe4096 / TLS_AES_256_GCM_SHA384 / ecdsa_secp521r1_sha512,sha-512,Directed,uses
Local_Research_Node,Data In Transit,Directed,contains
Data In Transit,TLS 1.3,Directed,carries
TLS 1.3,OpenSSL 3.0.17,Directed,implemented_by
OpenSSL 3.0.17,ffdhe4096 / TLS_AES_256_GCM_SHA384 / rsa_pss_rsae_sha256,Directed,negotiates
ffdhe4096 / TLS_AES_256_GCM_SHA384 / rsa_pss_rsae_sha256,ffdhe4096_supported,Directed,uses
ffdhe4096 / TLS_AES_256_GCM_SHA384 / rsa_pss_rsae_sha256,aes-256,Directed,uses
ffdhe4096 / TLS_AES_256_GCM_SHA384 / rsa_pss_rsae_sha256,sha-384,Directed,uses
ffdhe4096 / TLS_AES_256_GCM_SHA384 / rsa_pss_rsae_sha256,rsa-2048,Directed,uses
ffdhe4096 / TLS_AES_256_GCM_SHA384 / rsa_pss_rsae_sha256,sha-256,Directed,uses
Local_Research_Node,Data In Transit,Directed,contains
Data In Transit,TLS 1.3,Directed,carries
TLS 1.3,OpenSSL 3.0.17,Directed,implemented_by
OpenSSL 3.0.17,ffdhe4096 / TLS_AES_256_GCM_SHA384 / ed25519,Directed,negotiates
ffdhe4096 / TLS_AES_256_GCM_SHA384 / ed25519,ffdhe4096_supported,Directed,uses
ffdhe4096 / TLS_AES_256_GCM_SHA384 / ed25519,aes-256,Directed,uses
ffdhe4096 / TLS_AES_256_GCM_SHA384 / ed25519,sha-384,Directed,uses
ffdhe4096 / TLS_AES_256_GCM_SHA384 / ed25519,ed25519,Directed,uses
ffdhe4096 / TLS_AES_256_GCM_SHA384 / ed25519,sha-512,Directed,uses
Local_Research_Node,Data In Transit,Directed,contains
Data In Transit,TLS 1.3,Directed,carries
TLS 1.3,OpenSSL 3.0.17,Directed,implemented_by
OpenSSL 3.0.17,ffdhe4096 / TLS_AES_256_GCM_SHA384 / ecdsa_secp256r1_sha256,Directed,negotiates
ffdhe4096 / TLS_AES_256_GCM_SHA384 / ecdsa_secp256r1_sha256,ffdhe4096_supported,Directed,uses
ffdhe4096 / TLS_AES_256_GCM_SHA384 / ecdsa_secp256r1_sha256,aes-256,Directed,uses
ffdhe4096 / TLS_AES_256_GCM_SHA384 / ecdsa_secp256r1_sha256,sha-384,Directed,uses
ffdhe4096 / TLS_AES_256_GCM_SHA384 / ecdsa_secp256r1_sha256,ecdsa_secp256r1,Directed,uses
ffdhe4096 / TLS_AES_256_GCM_SHA384 / ecdsa_secp256r1_sha256,sha-256,Directed,uses
Local_Research_Node,Data In Transit,Directed,contains
Data In Transit,TLS 1.3,Directed,carries
TLS 1.3,OpenSSL 3.0.17,Directed,implemented_by
OpenSSL 3.0.17,ffdhe4096 / TLS_AES_256_GCM_SHA384 / ecdsa_secp384r1_sha384,Directed,negotiates
ffdhe4096 / TLS_AES_256_GCM_SHA384 / ecdsa_secp384r1_sha384,ffdhe4096_supported,Directed,uses
ffdhe4096 / TLS_AES_256_GCM_SHA384 / ecdsa_secp384r1_sha384,aes-256,Directed,uses
ffdhe4096 / TLS_AES_256_GCM_SHA384 / ecdsa_secp384r1_sha384,sha-384,Directed,uses
ffdhe4096 / TLS_AES_256_GCM_SHA384 / ecdsa_secp384r1_sha384,ecdsa_secp384r1,Directed,uses
ffdhe4096 / TLS_AES_256_GCM_SHA384 / ecdsa_secp384r1_sha384,sha-384,Directed,uses
Local_Research_Node,Data In Transit,Directed,contains
Data In Transit,TLS 1.3,Directed,carries
TLS 1.3,OpenSSL 3.0.17,Directed,implemented_by
OpenSSL 3.0.17,ffdhe4096 / TLS_AES_256_GCM_SHA384 / rsa_pss_rsae_sha384,Directed,negotiates
ffdhe4096 / TLS_AES_256_GCM_SHA384 / rsa_pss_rsae_sha384,ffdhe4096_supported,Directed,uses
ffdhe4096 / TLS_AES_256_GCM_SHA384 / rsa_pss_rsae_sha384,aes-256,Directed,uses
ffdhe4096 / TLS_AES_256_GCM_SHA384 / rsa_pss_rsae_sha384,sha-384,Directed,uses
ffdhe4096 / TLS_AES_256_GCM_SHA384 / rsa_pss_rsae_sha384,rsa-2048,Directed,uses
ffdhe4096 / TLS_AES_256_GCM_SHA384 / rsa_pss_rsae_sha384,sha-384,Directed,uses
Local_Research_Node,Data In Transit,Directed,contains
Data In Transit,TLS 1.3,Directed,carries
TLS 1.3,OpenSSL 3.0.17,Directed,implemented_by
OpenSSL 3.0.17,ffdhe4096 / TLS_AES_256_GCM_SHA384 / ed448,Directed,negotiates
ffdhe4096 / TLS_AES_256_GCM_SHA384 / ed448,ffdhe4096_supported,Directed,uses
ffdhe4096 / TLS_AES_256_GCM_SHA384 / ed448,aes-256,Directed,uses
ffdhe4096 / TLS_AES_256_GCM_SHA384 / ed448,sha-384,Directed,uses
ffdhe4096 / TLS_AES_256_GCM_SHA384 / ed448,ed448,Directed,uses
ffdhe4096 / TLS_AES_256_GCM_SHA384 / ed448,shake256,Directed,uses
Local_Research_Node,Data In Transit,Directed,contains
Data In Transit,TLS 1.3,Directed,carries
TLS 1.3,OpenSSL 3.0.17,Directed,implemented_by
OpenSSL 3.0.17,ffdhe4096 / TLS_AES_256_GCM_SHA384 / rsa_pss_rsae_sha512,Directed,negotiates
ffdhe4096 / TLS_AES_256_GCM_SHA384 / rsa_pss_rsae_sha512,ffdhe4096_supported,Directed,uses
ffdhe4096 / TLS_AES_256_GCM_SHA384 / rsa_pss_rsae_sha512,aes-256,Directed,uses
ffdhe4096 / TLS_AES_256_GCM_SHA384 / rsa_pss_rsae_sha512,sha-384,Directed,uses
ffdhe4096 / TLS_AES_256_GCM_SHA384 / rsa_pss_rsae_sha512,rsa-2048,Directed,uses
ffdhe4096 / TLS_AES_256_GCM_SHA384 / rsa_pss_rsae_sha512,sha-512,Directed,uses
Local_Research_Node,Data In Transit,Directed,contains
Data In Transit,TLS 1.3,Directed,carries
TLS 1.3,OpenSSL 3.0.17,Directed,implemented_by
OpenSSL 3.0.17,secp521r1 / TLS_AES_128_GCM_SHA256 / ecdsa_secp521r1_sha512,Directed,negotiates
secp521r1 / TLS_AES_128_GCM_SHA256 / ecdsa_secp521r1_sha512,ecdh_secp521r1,Directed,uses
secp521r1 / TLS_AES_128_GCM_SHA256 / ecdsa_secp521r1_sha512,aes-128,Directed,uses
secp521r1 / TLS_AES_128_GCM_SHA256 / ecdsa_secp521r1_sha512,sha-256,Directed,uses
secp521r1 / TLS_AES_128_GCM_SHA256 / ecdsa_secp521r1_sha512,ecdsa_secp521r1,Directed,uses
secp521r1 / TLS_AES_128_GCM_SHA256 / ecdsa_secp521r1_sha512,sha-512,Directed,uses
Local_Research_Node,Data In Transit,Directed,contains
Data In Transit,TLS 1.3,Directed,carries
TLS 1.3,OpenSSL 3.0.17,Directed,implemented_by
OpenSSL 3.0.17,secp521r1 / TLS_AES_128_GCM_SHA256 / rsa_pss_rsae_sha256,Directed,negotiates
secp521r1 / TLS_AES_128_GCM_SHA256 / rsa_pss_rsae_sha256,ecdh_secp521r1,Directed,uses
secp521r1 / TLS_AES_128_GCM_SHA256 / rsa_pss_rsae_sha256,aes-128,Directed,uses
secp521r1 / TLS_AES_128_GCM_SHA256 / rsa_pss_rsae_sha256,sha-256,Directed,uses
secp521r1 / TLS_AES_128_GCM_SHA256 / rsa_pss_rsae_sha256,rsa-2048,Directed,uses
secp521r1 / TLS_AES_128_GCM_SHA256 / rsa_pss_rsae_sha256,sha-256,Directed,uses
Local_Research_Node,Data In Transit,Directed,contains
Data In Transit,TLS 1.3,Directed,carries
TLS 1.3,OpenSSL 3.0.17,Directed,implemented_by
OpenSSL 3.0.17,secp521r1 / TLS_AES_128_GCM_SHA256 / ed25519,Directed,negotiates
secp521r1 / TLS_AES_128_GCM_SHA256 / ed25519,ecdh_secp521r1,Directed,uses
secp521r1 / TLS_AES_128_GCM_SHA256 / ed25519,aes-128,Directed,uses
secp521r1 / TLS_AES_128_GCM_SHA256 / ed25519,sha-256,Directed,uses
secp521r1 / TLS_AES_128_GCM_SHA256 / ed25519,ed25519,Directed,uses
secp521r1 / TLS_AES_128_GCM_SHA256 / ed25519,sha-512,Directed,uses
Local_Research_Node,Data In Transit,Directed,contains
Data In Transit,TLS 1.3,Directed,carries
TLS 1.3,OpenSSL 3.0.17,Directed,implemented_by
OpenSSL 3.0.17,secp521r1 / TLS_AES_128_GCM_SHA256 / ecdsa_secp256r1_sha256,Directed,negotiates
secp521r1 / TLS_AES_128_GCM_SHA256 / ecdsa_secp256r1_sha256,ecdh_secp521r1,Directed,uses
secp521r1 / TLS_AES_128_GCM_SHA256 / ecdsa_secp256r1_sha256,aes-128,Directed,uses
secp521r1 / TLS_AES_128_GCM_SHA256 / ecdsa_secp256r1_sha256,sha-256,Directed,uses
secp521r1 / TLS_AES_128_GCM_SHA256 / ecdsa_secp256r1_sha256,ecdsa_secp256r1,Directed,uses
secp521r1 / TLS_AES_128_GCM_SHA256 / ecdsa_secp256r1_sha256,sha-256,Directed,uses
Local_Research_Node,Data In Transit,Directed,contains
Data In Transit,TLS 1.3,Directed,carries
TLS 1.3,OpenSSL 3.0.17,Directed,implemented_by
OpenSSL 3.0.17,secp521r1 / TLS_AES_128_GCM_SHA256 / ecdsa_secp384r1_sha384,Directed,negotiates
secp521r1 / TLS_AES_128_GCM_SHA256 / ecdsa_secp384r1_sha384,ecdh_secp521r1,Directed,uses
secp521r1 / TLS_AES_128_GCM_SHA256 / ecdsa_secp384r1_sha384,aes-128,Directed,uses
secp521r1 / TLS_AES_128_GCM_SHA256 / ecdsa_secp384r1_sha384,sha-256,Directed,uses
secp521r1 / TLS_AES_128_GCM_SHA256 / ecdsa_secp384r1_sha384,ecdsa_secp384r1,Directed,uses
secp521r1 / TLS_AES_128_GCM_SHA256 / ecdsa_secp384r1_sha384,sha-384,Directed,uses
Local_Research_Node,Data In Transit,Directed,contains
Data In Transit,TLS 1.3,Directed,carries
TLS 1.3,OpenSSL 3.0.17,Directed,implemented_by
OpenSSL 3.0.17,secp521r1 / TLS_AES_128_GCM_SHA256 / rsa_pss_rsae_sha384,Directed,negotiates
secp521r1 / TLS_AES_128_GCM_SHA256 / rsa_pss_rsae_sha384,ecdh_secp521r1,Directed,uses
secp521r1 / TLS_AES_128_GCM_SHA256 / rsa_pss_rsae_sha384,aes-128,Directed,uses
secp521r1 / TLS_AES_128_GCM_SHA256 / rsa_pss_rsae_sha384,sha-256,Directed,uses
secp521r1 / TLS_AES_128_GCM_SHA256 / rsa_pss_rsae_sha384,rsa-2048,Directed,uses
secp521r1 / TLS_AES_128_GCM_SHA256 / rsa_pss_rsae_sha384,sha-384,Directed,uses
Local_Research_Node,Data In Transit,Directed,contains
Data In Transit,TLS 1.3,Directed,carries
TLS 1.3,OpenSSL 3.0.17,Directed,implemented_by
OpenSSL 3.0.17,secp521r1 / TLS_AES_128_GCM_SHA256 / ed448,Directed,negotiates
secp521r1 / TLS_AES_128_GCM_SHA256 / ed448,ecdh_secp521r1,Directed,uses
secp521r1 / TLS_AES_128_GCM_SHA256 / ed448,aes-128,Directed,uses
secp521r1 / TLS_AES_128_GCM_SHA256 / ed448,sha-256,Directed,uses
secp521r1 / TLS_AES_128_GCM_SHA256 / ed448,ed448,Directed,uses
secp521r1 / TLS_AES_128_GCM_SHA256 / ed448,shake256,Directed,uses
Local_Research_Node,Data In Transit,Directed,contains
Data In Transit,TLS 1.3,Directed,carries
TLS 1.3,OpenSSL 3.0.17,Directed,implemented_by
OpenSSL 3.0.17,secp521r1 / TLS_AES_128_GCM_SHA256 / rsa_pss_rsae_sha512,Directed,negotiates
secp521r1 / TLS_AES_128_GCM_SHA256 / rsa_pss_rsae_sha512,ecdh_secp521r1,Directed,uses
secp521r1 / TLS_AES_128_GCM_SHA256 / rsa_pss_rsae_sha512,aes-128,Directed,uses
secp521r1 / TLS_AES_128_GCM_SHA256 / rsa_pss_rsae_sha512,sha-256,Directed,uses
secp521r1 / TLS_AES_128_GCM_SHA256 / rsa_pss_rsae_sha512,rsa-2048,Directed,uses
secp521r1 / TLS_AES_128_GCM_SHA256 / rsa_pss_rsae_sha512,sha-512,Directed,uses
Local_Research_Node,Data In Transit,Directed,contains
Data In Transit,TLS 1.3,Directed,carries
TLS 1.3,OpenSSL 3.0.17,Directed,implemented_by
OpenSSL 3.0.17,secp521r1 / TLS_CHACHA20_POLY1305_SHA256 / ecdsa_secp521r1_sha512,Directed,negotiates
secp521r1 / TLS_CHACHA20_POLY1305_SHA256 / ecdsa_secp521r1_sha512,ecdh_secp521r1,Directed,uses
secp521r1 / TLS_CHACHA20_POLY1305_SHA256 / ecdsa_secp521r1_sha512,chacha20,Directed,uses
secp521r1 / TLS_CHACHA20_POLY1305_SHA256 / ecdsa_secp521r1_sha512,sha-256,Directed,uses
secp521r1 / TLS_CHACHA20_POLY1305_SHA256 / ecdsa_secp521r1_sha512,ecdsa_secp521r1,Directed,uses
secp521r1 / TLS_CHACHA20_POLY1305_SHA256 / ecdsa_secp521r1_sha512,sha-512,Directed,uses
Local_Research_Node,Data In Transit,Directed,contains
Data In Transit,TLS 1.3,Directed,carries
TLS 1.3,OpenSSL 3.0.17,Directed,implemented_by
OpenSSL 3.0.17,secp521r1 / TLS_CHACHA20_POLY1305_SHA256 / rsa_pss_rsae_sha256,Directed,negotiates
secp521r1 / TLS_CHACHA20_POLY1305_SHA256 / rsa_pss_rsae_sha256,ecdh_secp521r1,Directed,uses
secp521r1 / TLS_CHACHA20_POLY1305_SHA256 / rsa_pss_rsae_sha256,chacha20,Directed,uses
secp521r1 / TLS_CHACHA20_POLY1305_SHA256 / rsa_pss_rsae_sha256,sha-256,Directed,uses
secp521r1 / TLS_CHACHA20_POLY1305_SHA256 / rsa_pss_rsae_sha256,rsa-2048,Directed,uses
secp521r1 / TLS_CHACHA20_POLY1305_SHA256 / rsa_pss_rsae_sha256,sha-256,Directed,uses
Local_Research_Node,Data In Transit,Directed,contains
Data In Transit,TLS 1.3,Directed,carries
TLS 1.3,OpenSSL 3.0.17,Directed,implemented_by
OpenSSL 3.0.17,secp521r1 / TLS_CHACHA20_POLY1305_SHA256 / ed25519,Directed,negotiates
secp521r1 / TLS_CHACHA20_POLY1305_SHA256 / ed25519,ecdh_secp521r1,Directed,uses
secp521r1 / TLS_CHACHA20_POLY1305_SHA256 / ed25519,chacha20,Directed,uses
secp521r1 / TLS_CHACHA20_POLY1305_SHA256 / ed25519,sha-256,Directed,uses
secp521r1 / TLS_CHACHA20_POLY1305_SHA256 / ed25519,ed25519,Directed,uses
secp521r1 / TLS_CHACHA20_POLY1305_SHA256 / ed25519,sha-512,Directed,uses
Local_Research_Node,Data In Transit,Directed,contains
Data In Transit,TLS 1.3,Directed,carries
TLS 1.3,OpenSSL 3.0.17,Directed,implemented_by
OpenSSL 3.0.17,secp521r1 / TLS_CHACHA20_POLY1305_SHA256 / ecdsa_secp256r1_sha256,Directed,negotiates
secp521r1 / TLS_CHACHA20_POLY1305_SHA256 / ecdsa_secp256r1_sha256,ecdh_secp521r1,Directed,uses
secp521r1 / TLS_CHACHA20_POLY1305_SHA256 / ecdsa_secp256r1_sha256,chacha20,Directed,uses
secp521r1 / TLS_CHACHA20_POLY1305_SHA256 / ecdsa_secp256r1_sha256,sha-256,Directed,uses
secp521r1 / TLS_CHACHA20_POLY1305_SHA256 / ecdsa_secp256r1_sha256,ecdsa_secp256r1,Directed,uses
secp521r1 / TLS_CHACHA20_POLY1305_SHA256 / ecdsa_secp256r1_sha256,sha-256,Directed,uses
Local_Research_Node,Data In Transit,Directed,contains
Data In Transit,TLS 1.3,Directed,carries
TLS 1.3,OpenSSL 3.0.17,Directed,implemented_by
OpenSSL 3.0.17,secp521r1 / TLS_CHACHA20_POLY1305_SHA256 / ecdsa_secp384r1_sha384,Directed,negotiates
secp521r1 / TLS_CHACHA20_POLY1305_SHA256 / ecdsa_secp384r1_sha384,ecdh_secp521r1,Directed,uses
secp521r1 / TLS_CHACHA20_POLY1305_SHA256 / ecdsa_secp384r1_sha384,chacha20,Directed,uses
secp521r1 / TLS_CHACHA20_POLY1305_SHA256 / ecdsa_secp384r1_sha384,sha-256,Directed,uses
secp521r1 / TLS_CHACHA20_POLY1305_SHA256 / ecdsa_secp384r1_sha384,ecdsa_secp384r1,Directed,uses
secp521r1 / TLS_CHACHA20_POLY1305_SHA256 / ecdsa_secp384r1_sha384,sha-384,Directed,uses
Local_Research_Node,Data In Transit,Directed,contains
Data In Transit,TLS 1.3,Directed,carries
TLS 1.3,OpenSSL 3.0.17,Directed,implemented_by
OpenSSL 3.0.17,secp521r1 / TLS_CHACHA20_POLY1305_SHA256 / rsa_pss_rsae_sha384,Directed,negotiates
secp521r1 / TLS_CHACHA20_POLY1305_SHA256 / rsa_pss_rsae_sha384,ecdh_secp521r1,Directed,uses
secp521r1 / TLS_CHACHA20_POLY1305_SHA256 / rsa_pss_rsae_sha384,chacha20,Directed,uses
secp521r1 / TLS_CHACHA20_POLY1305_SHA256 / rsa_pss_rsae_sha384,sha-256,Directed,uses
secp521r1 / TLS_CHACHA20_POLY1305_SHA256 / rsa_pss_rsae_sha384,rsa-2048,Directed,uses
secp521r1 / TLS_CHACHA20_POLY1305_SHA256 / rsa_pss_rsae_sha384,sha-384,Directed,uses
Local_Research_Node,Data In Transit,Directed,contains
Data In Transit,TLS 1.3,Directed,carries
TLS 1.3,OpenSSL 3.0.17,Directed,implemented_by
OpenSSL 3.0.17,secp521r1 / TLS_CHACHA20_POLY1305_SHA256 / ed448,Directed,negotiates
secp521r1 / TLS_CHACHA20_POLY1305_SHA256 / ed448,ecdh_secp521r1,Directed,uses
secp521r1 / TLS_CHACHA20_POLY1305_SHA256 / ed448,chacha20,Directed,uses
secp521r1 / TLS_CHACHA20_POLY1305_SHA256 / ed448,sha-256,Directed,uses
secp521r1 / TLS_CHACHA20_POLY1305_SHA256 / ed448,ed448,Directed,uses
secp521r1 / TLS_CHACHA20_POLY1305_SHA256 / ed448,shake256,Directed,uses
Local_Research_Node,Data In Transit,Directed,contains
Data In Transit,TLS 1.3,Directed,carries
TLS 1.3,OpenSSL 3.0.17,Directed,implemented_by
OpenSSL 3.0.17,secp521r1 / TLS_CHACHA20_POLY1305_SHA256 / rsa_pss_rsae_sha512,Directed,negotiates
secp521r1 / TLS_CHACHA20_POLY1305_SHA256 / rsa_pss_rsae_sha512,ecdh_secp521r1,Directed,uses
secp521r1 / TLS_CHACHA20_POLY1305_SHA256 / rsa_pss_rsae_sha512,chacha20,Directed,uses
secp521r1 / TLS_CHACHA20_POLY1305_SHA256 / rsa_pss_rsae_sha512,sha-256,Directed,uses
secp521r1 / TLS_CHACHA20_POLY1305_SHA256 / rsa_pss_rsae_sha512,rsa-2048,Directed,uses
secp521r1 / TLS_CHACHA20_POLY1305_SHA256 / rsa_pss_rsae_sha512,sha-512,Directed,uses
Local_Research_Node,Data In Transit,Directed,contains
Data In Transit,TLS 1.3,Directed,carries
TLS 1.3,OpenSSL 3.0.17,Directed,implemented_by
OpenSSL 3.0.17,secp521r1 / TLS_AES_256_GCM_SHA384 / ecdsa_secp521r1_sha512,Directed,negotiates
secp521r1 / TLS_AES_256_GCM_SHA384 / ecdsa_secp521r1_sha512,ecdh_secp521r1,Directed,uses
secp521r1 / TLS_AES_256_GCM_SHA384 / ecdsa_secp521r1_sha512,aes-256,Directed,uses
secp521r1 / TLS_AES_256_GCM_SHA384 / ecdsa_secp521r1_sha512,sha-384,Directed,uses
secp521r1 / TLS_AES_256_GCM_SHA384 / ecdsa_secp521r1_sha512,ecdsa_secp521r1,Directed,uses
secp521r1 / TLS_AES_256_GCM_SHA384 / ecdsa_secp521r1_sha512,sha-512,Directed,uses
Local_Research_Node,Data In Transit,Directed,contains
Data In Transit,TLS 1.3,Directed,carries
TLS 1.3,OpenSSL 3.0.17,Directed,implemented_by
OpenSSL 3.0.17,secp521r1 / TLS_AES_256_GCM_SHA384 / rsa_pss_rsae_sha256,Directed,negotiates
secp521r1 / TLS_AES_256_GCM_SHA384 / rsa_pss_rsae_sha256,ecdh_secp521r1,Directed,uses
secp521r1 / TLS_AES_256_GCM_SHA384 / rsa_pss_rsae_sha256,aes-256,Directed,uses
secp521r1 / TLS_AES_256_GCM_SHA384 / rsa_pss_rsae_sha256,sha-384,Directed,uses
secp521r1 / TLS_AES_256_GCM_SHA384 / rsa_pss_rsae_sha256,rsa-2048,Directed,uses
secp521r1 / TLS_AES_256_GCM_SHA384 / rsa_pss_rsae_sha256,sha-256,Directed,uses
Local_Research_Node,Data In Transit,Directed,contains
Data In Transit,TLS 1.3,Directed,carries
TLS 1.3,OpenSSL 3.0.17,Directed,implemented_by
OpenSSL 3.0.17,secp521r1 / TLS_AES_256_GCM_SHA384 / ed25519,Directed,negotiates
secp521r1 / TLS_AES_256_GCM_SHA384 / ed25519,ecdh_secp521r1,Directed,uses
secp521r1 / TLS_AES_256_GCM_SHA384 / ed25519,aes-256,Directed,uses
secp521r1 / TLS_AES_256_GCM_SHA384 / ed25519,sha-384,Directed,uses
secp521r1 / TLS_AES_256_GCM_SHA384 / ed25519,ed25519,Directed,uses
secp521r1 / TLS_AES_256_GCM_SHA384 / ed25519,sha-512,Directed,uses
Local_Research_Node,Data In Transit,Directed,contains
Data In Transit,TLS 1.3,Directed,carries
TLS 1.3,OpenSSL 3.0.17,Directed,implemented_by
OpenSSL 3.0.17,secp521r1 / TLS_AES_256_GCM_SHA384 / ecdsa_secp256r1_sha256,Directed,negotiates
secp521r1 / TLS_AES_256_GCM_SHA384 / ecdsa_secp256r1_sha256,ecdh_secp521r1,Directed,uses
secp521r1 / TLS_AES_256_GCM_SHA384 / ecdsa_secp256r1_sha256,aes-256,Directed,uses
secp521r1 / TLS_AES_256_GCM_SHA384 / ecdsa_secp256r1_sha256,sha-384,Directed,uses
secp521r1 / TLS_AES_256_GCM_SHA384 / ecdsa_secp256r1_sha256,ecdsa_secp256r1,Directed,uses
secp521r1 / TLS_AES_256_GCM_SHA384 / ecdsa_secp256r1_sha256,sha-256,Directed,uses
Local_Research_Node,Data In Transit,Directed,contains
Data In Transit,TLS 1.3,Directed,carries
TLS 1.3,OpenSSL 3.0.17,Directed,implemented_by
OpenSSL 3.0.17,secp521r1 / TLS_AES_256_GCM_SHA384 / ecdsa_secp384r1_sha384,Directed,negotiates
secp521r1 / TLS_AES_256_GCM_SHA384 / ecdsa_secp384r1_sha384,ecdh_secp521r1,Directed,uses
secp521r1 / TLS_AES_256_GCM_SHA384 / ecdsa_secp384r1_sha384,aes-256,Directed,uses
secp521r1 / TLS_AES_256_GCM_SHA384 / ecdsa_secp384r1_sha384,sha-384,Directed,uses
secp521r1 / TLS_AES_256_GCM_SHA384 / ecdsa_secp384r1_sha384,ecdsa_secp384r1,Directed,uses
secp521r1 / TLS_AES_256_GCM_SHA384 / ecdsa_secp384r1_sha384,sha-384,Directed,uses
Local_Research_Node,Data In Transit,Directed,contains
Data In Transit,TLS 1.3,Directed,carries
TLS 1.3,OpenSSL 3.0.17,Directed,implemented_by
OpenSSL 3.0.17,secp521r1 / TLS_AES_256_GCM_SHA384 / rsa_pss_rsae_sha384,Directed,negotiates
secp521r1 / TLS_AES_256_GCM_SHA384 / rsa_pss_rsae_sha384,ecdh_secp521r1,Directed,uses
secp521r1 / TLS_AES_256_GCM_SHA384 / rsa_pss_rsae_sha384,aes-256,Directed,uses
secp521r1 / TLS_AES_256_GCM_SHA384 / rsa_pss_rsae_sha384,sha-384,Directed,uses
secp521r1 / TLS_AES_256_GCM_SHA384 / rsa_pss_rsae_sha384,rsa-2048,Directed,uses
secp521r1 / TLS_AES_256_GCM_SHA384 / rsa_pss_rsae_sha384,sha-384,Directed,uses
Local_Research_Node,Data In Transit,Directed,contains
Data In Transit,TLS 1.3,Directed,carries
TLS 1.3,OpenSSL 3.0.17,Directed,implemented_by
OpenSSL 3.0.17,secp521r1 / TLS_AES_256_GCM_SHA384 / ed448,Directed,negotiates
secp521r1 / TLS_AES_256_GCM_SHA384 / ed448,ecdh_secp521r1,Directed,uses
secp521r1 / TLS_AES_256_GCM_SHA384 / ed448,aes-256,Directed,uses
secp521r1 / TLS_AES_256_GCM_SHA384 / ed448,sha-384,Directed,uses
secp521r1 / TLS_AES_256_GCM_SHA384 / ed448,ed448,Directed,uses
secp521r1 / TLS_AES_256_GCM_SHA384 / ed448,shake256,Directed,uses
Local_Research_Node,Data In Transit,Directed,contains
Data In Transit,TLS 1.3,Directed,carries
TLS 1.3,OpenSSL 3.0.17,Directed,implemented_by
OpenSSL 3.0.17,secp521r1 / TLS_AES_256_GCM_SHA384 / rsa_pss_rsae_sha512,Directed,negotiates
secp521r1 / TLS_AES_256_GCM_SHA384 / rsa_pss_rsae_sha512,ecdh_secp521r1,Directed,uses
secp521r1 / TLS_AES_256_GCM_SHA384 / rsa_pss_rsae_sha512,aes-256,Directed,uses
secp521r1 / TLS_AES_256_GCM_SHA384 / rsa_pss_rsae_sha512,sha-384,Directed,uses
secp521r1 / TLS_AES_256_GCM_SHA384 / rsa_pss_rsae_sha512,rsa-2048,Directed,uses
secp521r1 / TLS_AES_256_GCM_SHA384 / rsa_pss_rsae_sha512,sha-512,Directed,uses
Local_Research_Node,Data In Transit,Directed,contains
Data In Transit,TLS 1.3,Directed,carries
TLS 1.3,OpenSSL 3.0.17,Directed,implemented_by
OpenSSL 3.0.17,secp384r1 / TLS_AES_128_GCM_SHA256 / ecdsa_secp521r1_sha512,Directed,negotiates
secp384r1 / TLS_AES_128_GCM_SHA256 / ecdsa_secp521r1_sha512,ecdh_secp384r1,Directed,uses
secp384r1 / TLS_AES_128_GCM_SHA256 / ecdsa_secp521r1_sha512,aes-128,Directed,uses
secp384r1 / TLS_AES_128_GCM_SHA256 / ecdsa_secp521r1_sha512,sha-256,Directed,uses
secp384r1 / TLS_AES_128_GCM_SHA256 / ecdsa_secp521r1_sha512,ecdsa_secp521r1,Directed,uses
secp384r1 / TLS_AES_128_GCM_SHA256 / ecdsa_secp521r1_sha512,sha-512,Directed,uses
Local_Research_Node,Data In Transit,Directed,contains
Data In Transit,TLS 1.3,Directed,carries
TLS 1.3,OpenSSL 3.0.17,Directed,implemented_by
OpenSSL 3.0.17,secp384r1 / TLS_AES_128_GCM_SHA256 / rsa_pss_rsae_sha256,Directed,negotiates
secp384r1 / TLS_AES_128_GCM_SHA256 / rsa_pss_rsae_sha256,ecdh_secp384r1,Directed,uses
secp384r1 / TLS_AES_128_GCM_SHA256 / rsa_pss_rsae_sha256,aes-128,Directed,uses
secp384r1 / TLS_AES_128_GCM_SHA256 / rsa_pss_rsae_sha256,sha-256,Directed,uses
secp384r1 / TLS_AES_128_GCM_SHA256 / rsa_pss_rsae_sha256,rsa-2048,Directed,uses
secp384r1 / TLS_AES_128_GCM_SHA256 / rsa_pss_rsae_sha256,sha-256,Directed,uses
Local_Research_Node,Data In Transit,Directed,contains
Data In Transit,TLS 1.3,Directed,carries
TLS 1.3,OpenSSL 3.0.17,Directed,implemented_by
OpenSSL 3.0.17,secp384r1 / TLS_AES_128_GCM_SHA256 / ed25519,Directed,negotiates
secp384r1 / TLS_AES_128_GCM_SHA256 / ed25519,ecdh_secp384r1,Directed,uses
secp384r1 / TLS_AES_128_GCM_SHA256 / ed25519,aes-128,Directed,uses
secp384r1 / TLS_AES_128_GCM_SHA256 / ed25519,sha-256,Directed,uses
secp384r1 / TLS_AES_128_GCM_SHA256 / ed25519,ed25519,Directed,uses
secp384r1 / TLS_AES_128_GCM_SHA256 / ed25519,sha-512,Directed,uses
Local_Research_Node,Data In Transit,Directed,contains
Data In Transit,TLS 1.3,Directed,carries
TLS 1.3,OpenSSL 3.0.17,Directed,implemented_by
OpenSSL 3.0.17,secp384r1 / TLS_AES_128_GCM_SHA256 / ecdsa_secp256r1_sha256,Directed,negotiates
secp384r1 / TLS_AES_128_GCM_SHA256 / ecdsa_secp256r1_sha256,ecdh_secp384r1,Directed,uses
secp384r1 / TLS_AES_128_GCM_SHA256 / ecdsa_secp256r1_sha256,aes-128,Directed,uses
secp384r1 / TLS_AES_128_GCM_SHA256 / ecdsa_secp256r1_sha256,sha-256,Directed,uses
secp384r1 / TLS_AES_128_GCM_SHA256 / ecdsa_secp256r1_sha256,ecdsa_secp256r1,Directed,uses
secp384r1 / TLS_AES_128_GCM_SHA256 / ecdsa_secp256r1_sha256,sha-256,Directed,uses
Local_Research_Node,Data In Transit,Directed,contains
Data In Transit,TLS 1.3,Directed,carries
TLS 1.3,OpenSSL 3.0.17,Directed,implemented_by
OpenSSL 3.0.17,secp384r1 / TLS_AES_128_GCM_SHA256 / ecdsa_secp384r1_sha384,Directed,negotiates
secp384r1 / TLS_AES_128_GCM_SHA256 / ecdsa_secp384r1_sha384,ecdh_secp384r1,Directed,uses
secp384r1 / TLS_AES_128_GCM_SHA256 / ecdsa_secp384r1_sha384,aes-128,Directed,uses
secp384r1 / TLS_AES_128_GCM_SHA256 / ecdsa_secp384r1_sha384,sha-256,Directed,uses
secp384r1 / TLS_AES_128_GCM_SHA256 / ecdsa_secp384r1_sha384,ecdsa_secp384r1,Directed,uses
secp384r1 / TLS_AES_128_GCM_SHA256 / ecdsa_secp384r1_sha384,sha-384,Directed,uses
Local_Research_Node,Data In Transit,Directed,contains
Data In Transit,TLS 1.3,Directed,carries
TLS 1.3,OpenSSL 3.0.17,Directed,implemented_by
OpenSSL 3.0.17,secp384r1 / TLS_AES_128_GCM_SHA256 / rsa_pss_rsae_sha384,Directed,negotiates
secp384r1 / TLS_AES_128_GCM_SHA256 / rsa_pss_rsae_sha384,ecdh_secp384r1,Directed,uses
secp384r1 / TLS_AES_128_GCM_SHA256 / rsa_pss_rsae_sha384,aes-128,Directed,uses
secp384r1 / TLS_AES_128_GCM_SHA256 / rsa_pss_rsae_sha384,sha-256,Directed,uses
secp384r1 / TLS_AES_128_GCM_SHA256 / rsa_pss_rsae_sha384,rsa-2048,Directed,uses
secp384r1 / TLS_AES_128_GCM_SHA256 / rsa_pss_rsae_sha384,sha-384,Directed,uses
Local_Research_Node,Data In Transit,Directed,contains
Data In Transit,TLS 1.3,Directed,carries
TLS 1.3,OpenSSL 3.0.17,Directed,implemented_by
OpenSSL 3.0.17,secp384r1 / TLS_AES_128_GCM_SHA256 / ed448,Directed,negotiates
secp384r1 / TLS_AES_128_GCM_SHA256 / ed448,ecdh_secp384r1,Directed,uses
secp384r1 / TLS_AES_128_GCM_SHA256 / ed448,aes-128,Directed,uses
secp384r1 / TLS_AES_128_GCM_SHA256 / ed448,sha-256,Directed,uses
secp384r1 / TLS_AES_128_GCM_SHA256 / ed448,ed448,Directed,uses
secp384r1 / TLS_AES_128_GCM_SHA256 / ed448,shake256,Directed,uses
Local_Research_Node,Data In Transit,Directed,contains
Data In Transit,TLS 1.3,Directed,carries
TLS 1.3,OpenSSL 3.0.17,Directed,implemented_by
OpenSSL 3.0.17,secp384r1 / TLS_AES_128_GCM_SHA256 / rsa_pss_rsae_sha512,Directed,negotiates
secp384r1 / TLS_AES_128_GCM_SHA256 / rsa_pss_rsae_sha512,ecdh_secp384r1,Directed,uses
secp384r1 / TLS_AES_128_GCM_SHA256 / rsa_pss_rsae_sha512,aes-128,Directed,uses
secp384r1 / TLS_AES_128_GCM_SHA256 / rsa_pss_rsae_sha512,sha-256,Directed,uses
secp384r1 / TLS_AES_128_GCM_SHA256 / rsa_pss_rsae_sha512,rsa-2048,Directed,uses
secp384r1 / TLS_AES_128_GCM_SHA256 / rsa_pss_rsae_sha512,sha-512,Directed,uses
Local_Research_Node,Data In Transit,Directed,contains
Data In Transit,TLS 1.3,Directed,carries
TLS 1.3,OpenSSL 3.0.17,Directed,implemented_by
OpenSSL 3.0.17,secp384r1 / TLS_CHACHA20_POLY1305_SHA256 / ecdsa_secp521r1_sha512,Directed,negotiates
secp384r1 / TLS_CHACHA20_POLY1305_SHA256 / ecdsa_secp521r1_sha512,ecdh_secp384r1,Directed,uses
secp384r1 / TLS_CHACHA20_POLY1305_SHA256 / ecdsa_secp521r1_sha512,chacha20,Directed,uses
secp384r1 / TLS_CHACHA20_POLY1305_SHA256 / ecdsa_secp521r1_sha512,sha-256,Directed,uses
secp384r1 / TLS_CHACHA20_POLY1305_SHA256 / ecdsa_secp521r1_sha512,ecdsa_secp521r1,Directed,uses
secp384r1 / TLS_CHACHA20_POLY1305_SHA256 / ecdsa_secp521r1_sha512,sha-512,Directed,uses
Local_Research_Node,Data In Transit,Directed,contains
Data In Transit,TLS 1.3,Directed,carries
TLS 1.3,OpenSSL 3.0.17,Directed,implemented_by
OpenSSL 3.0.17,secp384r1 / TLS_CHACHA20_POLY1305_SHA256 / rsa_pss_rsae_sha256,Directed,negotiates
secp384r1 / TLS_CHACHA20_POLY1305_SHA256 / rsa_pss_rsae_sha256,ecdh_secp384r1,Directed,uses
secp384r1 / TLS_CHACHA20_POLY1305_SHA256 / rsa_pss_rsae_sha256,chacha20,Directed,uses
secp384r1 / TLS_CHACHA20_POLY1305_SHA256 / rsa_pss_rsae_sha256,sha-256,Directed,uses
secp384r1 / TLS_CHACHA20_POLY1305_SHA256 / rsa_pss_rsae_sha256,rsa-2048,Directed,uses
secp384r1 / TLS_CHACHA20_POLY1305_SHA256 / rsa_pss_rsae_sha256,sha-256,Directed,uses
Local_Research_Node,Data In Transit,Directed,contains
Data In Transit,TLS 1.3,Directed,carries
TLS 1.3,OpenSSL 3.0.17,Directed,implemented_by
OpenSSL 3.0.17,secp384r1 / TLS_CHACHA20_POLY1305_SHA256 / ed25519,Directed,negotiates
secp384r1 / TLS_CHACHA20_POLY1305_SHA256 / ed25519,ecdh_secp384r1,Directed,uses
secp384r1 / TLS_CHACHA20_POLY1305_SHA256 / ed25519,chacha20,Directed,uses
secp384r1 / TLS_CHACHA20_POLY1305_SHA256 / ed25519,sha-256,Directed,uses
secp384r1 / TLS_CHACHA20_POLY1305_SHA256 / ed25519,ed25519,Directed,uses
secp384r1 / TLS_CHACHA20_POLY1305_SHA256 / ed25519,sha-512,Directed,uses
Local_Research_Node,Data In Transit,Directed,contains
Data In Transit,TLS 1.3,Directed,carries
TLS 1.3,OpenSSL 3.0.17,Directed,implemented_by
OpenSSL 3.0.17,secp384r1 / TLS_CHACHA20_POLY1305_SHA256 / ecdsa_secp256r1_sha256,Directed,negotiates
secp384r1 / TLS_CHACHA20_POLY1305_SHA256 / ecdsa_secp256r1_sha256,ecdh_secp384r1,Directed,uses
secp384r1 / TLS_CHACHA20_POLY1305_SHA256 / ecdsa_secp256r1_sha256,chacha20,Directed,uses
secp384r1 / TLS_CHACHA20_POLY1305_SHA256 / ecdsa_secp256r1_sha256,sha-256,Directed,uses
secp384r1 / TLS_CHACHA20_POLY1305_SHA256 / ecdsa_secp256r1_sha256,ecdsa_secp256r1,Directed,uses
secp384r1 / TLS_CHACHA20_POLY1305_SHA256 / ecdsa_secp256r1_sha256,sha-256,Directed,uses
Local_Research_Node,Data In Transit,Directed,contains
Data In Transit,TLS 1.3,Directed,carries
TLS 1.3,OpenSSL 3.0.17,Directed,implemented_by
OpenSSL 3.0.17,secp384r1 / TLS_CHACHA20_POLY1305_SHA256 / ecdsa_secp384r1_sha384,Directed,negotiates
secp384r1 / TLS_CHACHA20_POLY1305_SHA256 / ecdsa_secp384r1_sha384,ecdh_secp384r1,Directed,uses
secp384r1 / TLS_CHACHA20_POLY1305_SHA256 / ecdsa_secp384r1_sha384,chacha20,Directed,uses
secp384r1 / TLS_CHACHA20_POLY1305_SHA256 / ecdsa_secp384r1_sha384,sha-256,Directed,uses
secp384r1 / TLS_CHACHA20_POLY1305_SHA256 / ecdsa_secp384r1_sha384,ecdsa_secp384r1,Directed,uses
secp384r1 / TLS_CHACHA20_POLY1305_SHA256 / ecdsa_secp384r1_sha384,sha-384,Directed,uses
Local_Research_Node,Data In Transit,Directed,contains
Data In Transit,TLS 1.3,Directed,carries
TLS 1.3,OpenSSL 3.0.17,Directed,implemented_by
OpenSSL 3.0.17,secp384r1 / TLS_CHACHA20_POLY1305_SHA256 / rsa_pss_rsae_sha384,Directed,negotiates
secp384r1 / TLS_CHACHA20_POLY1305_SHA256 / rsa_pss_rsae_sha384,ecdh_secp384r1,Directed,uses
secp384r1 / TLS_CHACHA20_POLY1305_SHA256 / rsa_pss_rsae_sha384,chacha20,Directed,uses
secp384r1 / TLS_CHACHA20_POLY1305_SHA256 / rsa_pss_rsae_sha384,sha-256,Directed,uses
secp384r1 / TLS_CHACHA20_POLY1305_SHA256 / rsa_pss_rsae_sha384,rsa-2048,Directed,uses
secp384r1 / TLS_CHACHA20_POLY1305_SHA256 / rsa_pss_rsae_sha384,sha-384,Directed,uses
Local_Research_Node,Data In Transit,Directed,contains
Data In Transit,TLS 1.3,Directed,carries
TLS 1.3,OpenSSL 3.0.17,Directed,implemented_by
OpenSSL 3.0.17,secp384r1 / TLS_CHACHA20_POLY1305_SHA256 / ed448,Directed,negotiates
secp384r1 / TLS_CHACHA20_POLY1305_SHA256 / ed448,ecdh_secp384r1,Directed,uses
secp384r1 / TLS_CHACHA20_POLY1305_SHA256 / ed448,chacha20,Directed,uses
secp384r1 / TLS_CHACHA20_POLY1305_SHA256 / ed448,sha-256,Directed,uses
secp384r1 / TLS_CHACHA20_POLY1305_SHA256 / ed448,ed448,Directed,uses
secp384r1 / TLS_CHACHA20_POLY1305_SHA256 / ed448,shake256,Directed,uses
Local_Research_Node,Data In Transit,Directed,contains
Data In Transit,TLS 1.3,Directed,carries
TLS 1.3,OpenSSL 3.0.17,Directed,implemented_by
OpenSSL 3.0.17,secp384r1 / TLS_CHACHA20_POLY1305_SHA256 / rsa_pss_rsae_sha512,Directed,negotiates
secp384r1 / TLS_CHACHA20_POLY1305_SHA256 / rsa_pss_rsae_sha512,ecdh_secp384r1,Directed,uses
secp384r1 / TLS_CHACHA20_POLY1305_SHA256 / rsa_pss_rsae_sha512,chacha20,Directed,uses
secp384r1 / TLS_CHACHA20_POLY1305_SHA256 / rsa_pss_rsae_sha512,sha-256,Directed,uses
secp384r1 / TLS_CHACHA20_POLY1305_SHA256 / rsa_pss_rsae_sha512,rsa-2048,Directed,uses
secp384r1 / TLS_CHACHA20_POLY1305_SHA256 / rsa_pss_rsae_sha512,sha-512,Directed,uses
Local_Research_Node,Data In Transit,Directed,contains
Data In Transit,TLS 1.3,Directed,carries
TLS 1.3,OpenSSL 3.0.17,Directed,implemented_by
OpenSSL 3.0.17,secp384r1 / TLS_AES_256_GCM_SHA384 / ecdsa_secp521r1_sha512,Directed,negotiates
secp384r1 / TLS_AES_256_GCM_SHA384 / ecdsa_secp521r1_sha512,ecdh_secp384r1,Directed,uses
secp384r1 / TLS_AES_256_GCM_SHA384 / ecdsa_secp521r1_sha512,aes-256,Directed,uses
secp384r1 / TLS_AES_256_GCM_SHA384 / ecdsa_secp521r1_sha512,sha-384,Directed,uses
secp384r1 / TLS_AES_256_GCM_SHA384 / ecdsa_secp521r1_sha512,ecdsa_secp521r1,Directed,uses
secp384r1 / TLS_AES_256_GCM_SHA384 / ecdsa_secp521r1_sha512,sha-512,Directed,uses
Local_Research_Node,Data In Transit,Directed,contains
Data In Transit,TLS 1.3,Directed,carries
TLS 1.3,OpenSSL 3.0.17,Directed,implemented_by
OpenSSL 3.0.17,secp384r1 / TLS_AES_256_GCM_SHA384 / rsa_pss_rsae_sha256,Directed,negotiates
secp384r1 / TLS_AES_256_GCM_SHA384 / rsa_pss_rsae_sha256,ecdh_secp384r1,Directed,uses
secp384r1 / TLS_AES_256_GCM_SHA384 / rsa_pss_rsae_sha256,aes-256,Directed,uses
secp384r1 / TLS_AES_256_GCM_SHA384 / rsa_pss_rsae_sha256,sha-384,Directed,uses
secp384r1 / TLS_AES_256_GCM_SHA384 / rsa_pss_rsae_sha256,rsa-2048,Directed,uses
secp384r1 / TLS_AES_256_GCM_SHA384 / rsa_pss_rsae_sha256,sha-256,Directed,uses
Local_Research_Node,Data In Transit,Directed,contains
Data In Transit,TLS 1.3,Directed,carries
TLS 1.3,OpenSSL 3.0.17,Directed,implemented_by
OpenSSL 3.0.17,secp384r1 / TLS_AES_256_GCM_SHA384 / ed25519,Directed,negotiates
secp384r1 / TLS_AES_256_GCM_SHA384 / ed25519,ecdh_secp384r1,Directed,uses
secp384r1 / TLS_AES_256_GCM_SHA384 / ed25519,aes-256,Directed,uses
secp384r1 / TLS_AES_256_GCM_SHA384 / ed25519,sha-384,Directed,uses
secp384r1 / TLS_AES_256_GCM_SHA384 / ed25519,ed25519,Directed,uses
secp384r1 / TLS_AES_256_GCM_SHA384 / ed25519,sha-512,Directed,uses
Local_Research_Node,Data In Transit,Directed,contains
Data In Transit,TLS 1.3,Directed,carries
TLS 1.3,OpenSSL 3.0.17,Directed,implemented_by
OpenSSL 3.0.17,secp384r1 / TLS_AES_256_GCM_SHA384 / ecdsa_secp256r1_sha256,Directed,negotiates
secp384r1 / TLS_AES_256_GCM_SHA384 / ecdsa_secp256r1_sha256,ecdh_secp384r1,Directed,uses
secp384r1 / TLS_AES_256_GCM_SHA384 / ecdsa_secp256r1_sha256,aes-256,Directed,uses
secp384r1 / TLS_AES_256_GCM_SHA384 / ecdsa_secp256r1_sha256,sha-384,Directed,uses
secp384r1 / TLS_AES_256_GCM_SHA384 / ecdsa_secp256r1_sha256,ecdsa_secp256r1,Directed,uses
secp384r1 / TLS_AES_256_GCM_SHA384 / ecdsa_secp256r1_sha256,sha-256,Directed,uses
Local_Research_Node,Data In Transit,Directed,contains
Data In Transit,TLS 1.3,Directed,carries
TLS 1.3,OpenSSL 3.0.17,Directed,implemented_by
OpenSSL 3.0.17,secp384r1 / TLS_AES_256_GCM_SHA384 / ecdsa_secp384r1_sha384,Directed,negotiates
secp384r1 / TLS_AES_256_GCM_SHA384 / ecdsa_secp384r1_sha384,ecdh_secp384r1,Directed,uses
secp384r1 / TLS_AES_256_GCM_SHA384 / ecdsa_secp384r1_sha384,aes-256,Directed,uses
secp384r1 / TLS_AES_256_GCM_SHA384 / ecdsa_secp384r1_sha384,sha-384,Directed,uses
secp384r1 / TLS_AES_256_GCM_SHA384 / ecdsa_secp384r1_sha384,ecdsa_secp384r1,Directed,uses
secp384r1 / TLS_AES_256_GCM_SHA384 / ecdsa_secp384r1_sha384,sha-384,Directed,uses
Local_Research_Node,Data In Transit,Directed,contains
Data In Transit,TLS 1.3,Directed,carries
TLS 1.3,OpenSSL 3.0.17,Directed,implemented_by
OpenSSL 3.0.17,secp384r1 / TLS_AES_256_GCM_SHA384 / rsa_pss_rsae_sha384,Directed,negotiates
secp384r1 / TLS_AES_256_GCM_SHA384 / rsa_pss_rsae_sha384,ecdh_secp384r1,Directed,uses
secp384r1 / TLS_AES_256_GCM_SHA384 / rsa_pss_rsae_sha384,aes-256,Directed,uses
secp384r1 / TLS_AES_256_GCM_SHA384 / rsa_pss_rsae_sha384,sha-384,Directed,uses
secp384r1 / TLS_AES_256_GCM_SHA384 / rsa_pss_rsae_sha384,rsa-2048,Directed,uses
secp384r1 / TLS_AES_256_GCM_SHA384 / rsa_pss_rsae_sha384,sha-384,Directed,uses
Local_Research_Node,Data In Transit,Directed,contains
Data In Transit,TLS 1.3,Directed,carries
TLS 1.3,OpenSSL 3.0.17,Directed,implemented_by
OpenSSL 3.0.17,secp384r1 / TLS_AES_256_GCM_SHA384 / ed448,Directed,negotiates
secp384r1 / TLS_AES_256_GCM_SHA384 / ed448,ecdh_secp384r1,Directed,uses
secp384r1 / TLS_AES_256_GCM_SHA384 / ed448,aes-256,Directed,uses
secp384r1 / TLS_AES_256_GCM_SHA384 / ed448,sha-384,Directed,uses
secp384r1 / TLS_AES_256_GCM_SHA384 / ed448,ed448,Directed,uses
secp384r1 / TLS_AES_256_GCM_SHA384 / ed448,shake256,Directed,uses
Local_Research_Node,Data In Transit,Directed,contains
Data In Transit,TLS 1.3,Directed,carries
TLS 1.3,OpenSSL 3.0.17,Directed,implemented_by
OpenSSL 3.0.17,secp384r1 / TLS_AES_256_GCM_SHA384 / rsa_pss_rsae_sha512,Directed,negotiates
secp384r1 / TLS_AES_256_GCM_SHA384 / rsa_pss_rsae_sha512,ecdh_secp384r1,Directed,uses
secp384r1 / TLS_AES_256_GCM_SHA384 / rsa_pss_rsae_sha512,aes-256,Directed,uses
secp384r1 / TLS_AES_256_GCM_SHA384 / rsa_pss_rsae_sha512,sha-384,Directed,uses
secp384r1 / TLS_AES_256_GCM_SHA384 / rsa_pss_rsae_sha512,rsa-2048,Directed,uses
secp384r1 / TLS_AES_256_GCM_SHA384 / rsa_pss_rsae_sha512,sha-512,Directed,uses
Local_Research_Node,Data In Transit,Directed,contains
Data In Transit,TLS 1.3,Directed,carries
TLS 1.3,OpenSSL 3.0.17,Directed,implemented_by
OpenSSL 3.0.17,ecdh_x448 / TLS_AES_128_GCM_SHA256 / ecdsa_secp521r1_sha512,Directed,negotiates
ecdh_x448 / TLS_AES_128_GCM_SHA256 / ecdsa_secp521r1_sha512,ecdh_x448,Directed,uses
ecdh_x448 / TLS_AES_128_GCM_SHA256 / ecdsa_secp521r1_sha512,aes-128,Directed,uses
ecdh_x448 / TLS_AES_128_GCM_SHA256 / ecdsa_secp521r1_sha512,sha-256,Directed,uses
ecdh_x448 / TLS_AES_128_GCM_SHA256 / ecdsa_secp521r1_sha512,ecdsa_secp521r1,Directed,uses
ecdh_x448 / TLS_AES_128_GCM_SHA256 / ecdsa_secp521r1_sha512,sha-512,Directed,uses
Local_Research_Node,Data In Transit,Directed,contains
Data In Transit,TLS 1.3,Directed,carries
TLS 1.3,OpenSSL 3.0.17,Directed,implemented_by
OpenSSL 3.0.17,ecdh_x448 / TLS_AES_128_GCM_SHA256 / rsa_pss_rsae_sha256,Directed,negotiates
ecdh_x448 / TLS_AES_128_GCM_SHA256 / rsa_pss_rsae_sha256,ecdh_x448,Directed,uses
ecdh_x448 / TLS_AES_128_GCM_SHA256 / rsa_pss_rsae_sha256,aes-128,Directed,uses
ecdh_x448 / TLS_AES_128_GCM_SHA256 / rsa_pss_rsae_sha256,sha-256,Directed,uses
ecdh_x448 / TLS_AES_128_GCM_SHA256 / rsa_pss_rsae_sha256,rsa-2048,Directed,uses
ecdh_x448 / TLS_AES_128_GCM_SHA256 / rsa_pss_rsae_sha256,sha-256,Directed,uses
Local_Research_Node,Data In Transit,Directed,contains
Data In Transit,TLS 1.3,Directed,carries
TLS 1.3,OpenSSL 3.0.17,Directed,implemented_by
OpenSSL 3.0.17,ecdh_x448 / TLS_AES_128_GCM_SHA256 / ed25519,Directed,negotiates
ecdh_x448 / TLS_AES_128_GCM_SHA256 / ed25519,ecdh_x448,Directed,uses
ecdh_x448 / TLS_AES_128_GCM_SHA256 / ed25519,aes-128,Directed,uses
ecdh_x448 / TLS_AES_128_GCM_SHA256 / ed25519,sha-256,Directed,uses
ecdh_x448 / TLS_AES_128_GCM_SHA256 / ed25519,ed25519,Directed,uses
ecdh_x448 / TLS_AES_128_GCM_SHA256 / ed25519,sha-512,Directed,uses
Local_Research_Node,Data In Transit,Directed,contains
Data In Transit,TLS 1.3,Directed,carries
TLS 1.3,OpenSSL 3.0.17,Directed,implemented_by
OpenSSL 3.0.17,ecdh_x448 / TLS_AES_128_GCM_SHA256 / ecdsa_secp256r1_sha256,Directed,negotiates
ecdh_x448 / TLS_AES_128_GCM_SHA256 / ecdsa_secp256r1_sha256,ecdh_x448,Directed,uses
ecdh_x448 / TLS_AES_128_GCM_SHA256 / ecdsa_secp256r1_sha256,aes-128,Directed,uses
ecdh_x448 / TLS_AES_128_GCM_SHA256 / ecdsa_secp256r1_sha256,sha-256,Directed,uses
ecdh_x448 / TLS_AES_128_GCM_SHA256 / ecdsa_secp256r1_sha256,ecdsa_secp256r1,Directed,uses
ecdh_x448 / TLS_AES_128_GCM_SHA256 / ecdsa_secp256r1_sha256,sha-256,Directed,uses
Local_Research_Node,Data In Transit,Directed,contains
Data In Transit,TLS 1.3,Directed,carries
TLS 1.3,OpenSSL 3.0.17,Directed,implemented_by
OpenSSL 3.0.17,ecdh_x448 / TLS_AES_128_GCM_SHA256 / ecdsa_secp384r1_sha384,Directed,negotiates
ecdh_x448 / TLS_AES_128_GCM_SHA256 / ecdsa_secp384r1_sha384,ecdh_x448,Directed,uses
ecdh_x448 / TLS_AES_128_GCM_SHA256 / ecdsa_secp384r1_sha384,aes-128,Directed,uses
ecdh_x448 / TLS_AES_128_GCM_SHA256 / ecdsa_secp384r1_sha384,sha-256,Directed,uses
ecdh_x448 / TLS_AES_128_GCM_SHA256 / ecdsa_secp384r1_sha384,ecdsa_secp384r1,Directed,uses
ecdh_x448 / TLS_AES_128_GCM_SHA256 / ecdsa_secp384r1_sha384,sha-384,Directed,uses
Local_Research_Node,Data In Transit,Directed,contains
Data In Transit,TLS 1.3,Directed,carries
TLS 1.3,OpenSSL 3.0.17,Directed,implemented_by
OpenSSL 3.0.17,ecdh_x448 / TLS_AES_128_GCM_SHA256 / rsa_pss_rsae_sha384,Directed,negotiates
ecdh_x448 / TLS_AES_128_GCM_SHA256 / rsa_pss_rsae_sha384,ecdh_x448,Directed,uses
ecdh_x448 / TLS_AES_128_GCM_SHA256 / rsa_pss_rsae_sha384,aes-128,Directed,uses
ecdh_x448 / TLS_AES_128_GCM_SHA256 / rsa_pss_rsae_sha384,sha-256,Directed,uses
ecdh_x448 / TLS_AES_128_GCM_SHA256 / rsa_pss_rsae_sha384,rsa-2048,Directed,uses
ecdh_x448 / TLS_AES_128_GCM_SHA256 / rsa_pss_rsae_sha384,sha-384,Directed,uses
Local_Research_Node,Data In Transit,Directed,contains
Data In Transit,TLS 1.3,Directed,carries
TLS 1.3,OpenSSL 3.0.17,Directed,implemented_by
OpenSSL 3.0.17,ecdh_x448 / TLS_AES_128_GCM_SHA256 / ed448,Directed,negotiates
ecdh_x448 / TLS_AES_128_GCM_SHA256 / ed448,ecdh_x448,Directed,uses
ecdh_x448 / TLS_AES_128_GCM_SHA256 / ed448,aes-128,Directed,uses
ecdh_x448 / TLS_AES_128_GCM_SHA256 / ed448,sha-256,Directed,uses
ecdh_x448 / TLS_AES_128_GCM_SHA256 / ed448,ed448,Directed,uses
ecdh_x448 / TLS_AES_128_GCM_SHA256 / ed448,shake256,Directed,uses
Local_Research_Node,Data In Transit,Directed,contains
Data In Transit,TLS 1.3,Directed,carries
TLS 1.3,OpenSSL 3.0.17,Directed,implemented_by
OpenSSL 3.0.17,ecdh_x448 / TLS_AES_128_GCM_SHA256 / rsa_pss_rsae_sha512,Directed,negotiates
ecdh_x448 / TLS_AES_128_GCM_SHA256 / rsa_pss_rsae_sha512,ecdh_x448,Directed,uses
ecdh_x448 / TLS_AES_128_GCM_SHA256 / rsa_pss_rsae_sha512,aes-128,Directed,uses
ecdh_x448 / TLS_AES_128_GCM_SHA256 / rsa_pss_rsae_sha512,sha-256,Directed,uses
ecdh_x448 / TLS_AES_128_GCM_SHA256 / rsa_pss_rsae_sha512,rsa-2048,Directed,uses
ecdh_x448 / TLS_AES_128_GCM_SHA256 / rsa_pss_rsae_sha512,sha-512,Directed,uses
Local_Research_Node,Data In Transit,Directed,contains
Data In Transit,TLS 1.3,Directed,carries
TLS 1.3,OpenSSL 3.0.17,Directed,implemented_by
OpenSSL 3.0.17,ecdh_x448 / TLS_CHACHA20_POLY1305_SHA256 / ecdsa_secp521r1_sha512,Directed,negotiates
ecdh_x448 / TLS_CHACHA20_POLY1305_SHA256 / ecdsa_secp521r1_sha512,ecdh_x448,Directed,uses
ecdh_x448 / TLS_CHACHA20_POLY1305_SHA256 / ecdsa_secp521r1_sha512,chacha20,Directed,uses
ecdh_x448 / TLS_CHACHA20_POLY1305_SHA256 / ecdsa_secp521r1_sha512,sha-256,Directed,uses
ecdh_x448 / TLS_CHACHA20_POLY1305_SHA256 / ecdsa_secp521r1_sha512,ecdsa_secp521r1,Directed,uses
ecdh_x448 / TLS_CHACHA20_POLY1305_SHA256 / ecdsa_secp521r1_sha512,sha-512,Directed,uses
Local_Research_Node,Data In Transit,Directed,contains
Data In Transit,TLS 1.3,Directed,carries
TLS 1.3,OpenSSL 3.0.17,Directed,implemented_by
OpenSSL 3.0.17,ecdh_x448 / TLS_CHACHA20_POLY1305_SHA256 / rsa_pss_rsae_sha256,Directed,negotiates
ecdh_x448 / TLS_CHACHA20_POLY1305_SHA256 / rsa_pss_rsae_sha256,ecdh_x448,Directed,uses
ecdh_x448 / TLS_CHACHA20_POLY1305_SHA256 / rsa_pss_rsae_sha256,chacha20,Directed,uses
ecdh_x448 / TLS_CHACHA20_POLY1305_SHA256 / rsa_pss_rsae_sha256,sha-256,Directed,uses
ecdh_x448 / TLS_CHACHA20_POLY1305_SHA256 / rsa_pss_rsae_sha256,rsa-2048,Directed,uses
ecdh_x448 / TLS_CHACHA20_POLY1305_SHA256 / rsa_pss_rsae_sha256,sha-256,Directed,uses
Local_Research_Node,Data In Transit,Directed,contains
Data In Transit,TLS 1.3,Directed,carries
TLS 1.3,OpenSSL 3.0.17,Directed,implemented_by
OpenSSL 3.0.17,ecdh_x448 / TLS_CHACHA20_POLY1305_SHA256 / ed25519,Directed,negotiates
ecdh_x448 / TLS_CHACHA20_POLY1305_SHA256 / ed25519,ecdh_x448,Directed,uses
ecdh_x448 / TLS_CHACHA20_POLY1305_SHA256 / ed25519,chacha20,Directed,uses
ecdh_x448 / TLS_CHACHA20_POLY1305_SHA256 / ed25519,sha-256,Directed,uses
ecdh_x448 / TLS_CHACHA20_POLY1305_SHA256 / ed25519,ed25519,Directed,uses
ecdh_x448 / TLS_CHACHA20_POLY1305_SHA256 / ed25519,sha-512,Directed,uses
Local_Research_Node,Data In Transit,Directed,contains
Data In Transit,TLS 1.3,Directed,carries
TLS 1.3,OpenSSL 3.0.17,Directed,implemented_by
OpenSSL 3.0.17,ecdh_x448 / TLS_CHACHA20_POLY1305_SHA256 / ecdsa_secp256r1_sha256,Directed,negotiates
ecdh_x448 / TLS_CHACHA20_POLY1305_SHA256 / ecdsa_secp256r1_sha256,ecdh_x448,Directed,uses
ecdh_x448 / TLS_CHACHA20_POLY1305_SHA256 / ecdsa_secp256r1_sha256,chacha20,Directed,uses
ecdh_x448 / TLS_CHACHA20_POLY1305_SHA256 / ecdsa_secp256r1_sha256,sha-256,Directed,uses
ecdh_x448 / TLS_CHACHA20_POLY1305_SHA256 / ecdsa_secp256r1_sha256,ecdsa_secp256r1,Directed,uses
ecdh_x448 / TLS_CHACHA20_POLY1305_SHA256 / ecdsa_secp256r1_sha256,sha-256,Directed,uses
Local_Research_Node,Data In Transit,Directed,contains
Data In Transit,TLS 1.3,Directed,carries
TLS 1.3,OpenSSL 3.0.17,Directed,implemented_by
OpenSSL 3.0.17,ecdh_x448 / TLS_CHACHA20_POLY1305_SHA256 / ecdsa_secp384r1_sha384,Directed,negotiates
ecdh_x448 / TLS_CHACHA20_POLY1305_SHA256 / ecdsa_secp384r1_sha384,ecdh_x448,Directed,uses
ecdh_x448 / TLS_CHACHA20_POLY1305_SHA256 / ecdsa_secp384r1_sha384,chacha20,Directed,uses
ecdh_x448 / TLS_CHACHA20_POLY1305_SHA256 / ecdsa_secp384r1_sha384,sha-256,Directed,uses
ecdh_x448 / TLS_CHACHA20_POLY1305_SHA256 / ecdsa_secp384r1_sha384,ecdsa_secp384r1,Directed,uses
ecdh_x448 / TLS_CHACHA20_POLY1305_SHA256 / ecdsa_secp384r1_sha384,sha-384,Directed,uses
Local_Research_Node,Data In Transit,Directed,contains
Data In Transit,TLS 1.3,Directed,carries
TLS 1.3,OpenSSL 3.0.17,Directed,implemented_by
OpenSSL 3.0.17,ecdh_x448 / TLS_CHACHA20_POLY1305_SHA256 / rsa_pss_rsae_sha384,Directed,negotiates
ecdh_x448 / TLS_CHACHA20_POLY1305_SHA256 / rsa_pss_rsae_sha384,ecdh_x448,Directed,uses
ecdh_x448 / TLS_CHACHA20_POLY1305_SHA256 / rsa_pss_rsae_sha384,chacha20,Directed,uses
ecdh_x448 / TLS_CHACHA20_POLY1305_SHA256 / rsa_pss_rsae_sha384,sha-256,Directed,uses
ecdh_x448 / TLS_CHACHA20_POLY1305_SHA256 / rsa_pss_rsae_sha384,rsa-2048,Directed,uses
ecdh_x448 / TLS_CHACHA20_POLY1305_SHA256 / rsa_pss_rsae_sha384,sha-384,Directed,uses
Local_Research_Node,Data In Transit,Directed,contains
Data In Transit,TLS 1.3,Directed,carries
TLS 1.3,OpenSSL 3.0.17,Directed,implemented_by
OpenSSL 3.0.17,ecdh_x448 / TLS_CHACHA20_POLY1305_SHA256 / ed448,Directed,negotiates
ecdh_x448 / TLS_CHACHA20_POLY1305_SHA256 / ed448,ecdh_x448,Directed,uses
ecdh_x448 / TLS_CHACHA20_POLY1305_SHA256 / ed448,chacha20,Directed,uses
ecdh_x448 / TLS_CHACHA20_POLY1305_SHA256 / ed448,sha-256,Directed,uses
ecdh_x448 / TLS_CHACHA20_POLY1305_SHA256 / ed448,ed448,Directed,uses
ecdh_x448 / TLS_CHACHA20_POLY1305_SHA256 / ed448,shake256,Directed,uses
Local_Research_Node,Data In Transit,Directed,contains
Data In Transit,TLS 1.3,Directed,carries
TLS 1.3,OpenSSL 3.0.17,Directed,implemented_by
OpenSSL 3.0.17,ecdh_x448 / TLS_CHACHA20_POLY1305_SHA256 / rsa_pss_rsae_sha512,Directed,negotiates
ecdh_x448 / TLS_CHACHA20_POLY1305_SHA256 / rsa_pss_rsae_sha512,ecdh_x448,Directed,uses
ecdh_x448 / TLS_CHACHA20_POLY1305_SHA256 / rsa_pss_rsae_sha512,chacha20,Directed,uses
ecdh_x448 / TLS_CHACHA20_POLY1305_SHA256 / rsa_pss_rsae_sha512,sha-256,Directed,uses
ecdh_x448 / TLS_CHACHA20_POLY1305_SHA256 / rsa_pss_rsae_sha512,rsa-2048,Directed,uses
ecdh_x448 / TLS_CHACHA20_POLY1305_SHA256 / rsa_pss_rsae_sha512,sha-512,Directed,uses
Local_Research_Node,Data In Transit,Directed,contains
Data In Transit,TLS 1.3,Directed,carries
TLS 1.3,OpenSSL 3.0.17,Directed,implemented_by
OpenSSL 3.0.17,ecdh_x448 / TLS_AES_256_GCM_SHA384 / ecdsa_secp521r1_sha512,Directed,negotiates
ecdh_x448 / TLS_AES_256_GCM_SHA384 / ecdsa_secp521r1_sha512,ecdh_x448,Directed,uses
ecdh_x448 / TLS_AES_256_GCM_SHA384 / ecdsa_secp521r1_sha512,aes-256,Directed,uses
ecdh_x448 / TLS_AES_256_GCM_SHA384 / ecdsa_secp521r1_sha512,sha-384,Directed,uses
ecdh_x448 / TLS_AES_256_GCM_SHA384 / ecdsa_secp521r1_sha512,ecdsa_secp521r1,Directed,uses
ecdh_x448 / TLS_AES_256_GCM_SHA384 / ecdsa_secp521r1_sha512,sha-512,Directed,uses
Local_Research_Node,Data In Transit,Directed,contains
Data In Transit,TLS 1.3,Directed,carries
TLS 1.3,OpenSSL 3.0.17,Directed,implemented_by
OpenSSL 3.0.17,ecdh_x448 / TLS_AES_256_GCM_SHA384 / rsa_pss_rsae_sha256,Directed,negotiates
ecdh_x448 / TLS_AES_256_GCM_SHA384 / rsa_pss_rsae_sha256,ecdh_x448,Directed,uses
ecdh_x448 / TLS_AES_256_GCM_SHA384 / rsa_pss_rsae_sha256,aes-256,Directed,uses
ecdh_x448 / TLS_AES_256_GCM_SHA384 / rsa_pss_rsae_sha256,sha-384,Directed,uses
ecdh_x448 / TLS_AES_256_GCM_SHA384 / rsa_pss_rsae_sha256,rsa-2048,Directed,uses
ecdh_x448 / TLS_AES_256_GCM_SHA384 / rsa_pss_rsae_sha256,sha-256,Directed,uses
Local_Research_Node,Data In Transit,Directed,contains
Data In Transit,TLS 1.3,Directed,carries
TLS 1.3,OpenSSL 3.0.17,Directed,implemented_by
OpenSSL 3.0.17,ecdh_x448 / TLS_AES_256_GCM_SHA384 / ed25519,Directed,negotiates
ecdh_x448 / TLS_AES_256_GCM_SHA384 / ed25519,ecdh_x448,Directed,uses
ecdh_x448 / TLS_AES_256_GCM_SHA384 / ed25519,aes-256,Directed,uses
ecdh_x448 / TLS_AES_256_GCM_SHA384 / ed25519,sha-384,Directed,uses
ecdh_x448 / TLS_AES_256_GCM_SHA384 / ed25519,ed25519,Directed,uses
ecdh_x448 / TLS_AES_256_GCM_SHA384 / ed25519,sha-512,Directed,uses
Local_Research_Node,Data In Transit,Directed,contains
Data In Transit,TLS 1.3,Directed,carries
TLS 1.3,OpenSSL 3.0.17,Directed,implemented_by
OpenSSL 3.0.17,ecdh_x448 / TLS_AES_256_GCM_SHA384 / ecdsa_secp256r1_sha256,Directed,negotiates
ecdh_x448 / TLS_AES_256_GCM_SHA384 / ecdsa_secp256r1_sha256,ecdh_x448,Directed,uses
ecdh_x448 / TLS_AES_256_GCM_SHA384 / ecdsa_secp256r1_sha256,aes-256,Directed,uses
ecdh_x448 / TLS_AES_256_GCM_SHA384 / ecdsa_secp256r1_sha256,sha-384,Directed,uses
ecdh_x448 / TLS_AES_256_GCM_SHA384 / ecdsa_secp256r1_sha256,ecdsa_secp256r1,Directed,uses
ecdh_x448 / TLS_AES_256_GCM_SHA384 / ecdsa_secp256r1_sha256,sha-256,Directed,uses
Local_Research_Node,Data In Transit,Directed,contains
Data In Transit,TLS 1.3,Directed,carries
TLS 1.3,OpenSSL 3.0.17,Directed,implemented_by
OpenSSL 3.0.17,ecdh_x448 / TLS_AES_256_GCM_SHA384 / ecdsa_secp384r1_sha384,Directed,negotiates
ecdh_x448 / TLS_AES_256_GCM_SHA384 / ecdsa_secp384r1_sha384,ecdh_x448,Directed,uses
ecdh_x448 / TLS_AES_256_GCM_SHA384 / ecdsa_secp384r1_sha384,aes-256,Directed,uses
ecdh_x448 / TLS_AES_256_GCM_SHA384 / ecdsa_secp384r1_sha384,sha-384,Directed,uses
ecdh_x448 / TLS_AES_256_GCM_SHA384 / ecdsa_secp384r1_sha384,ecdsa_secp384r1,Directed,uses
ecdh_x448 / TLS_AES_256_GCM_SHA384 / ecdsa_secp384r1_sha384,sha-384,Directed,uses
Local_Research_Node,Data In Transit,Directed,contains
Data In Transit,TLS 1.3,Directed,carries
TLS 1.3,OpenSSL 3.0.17,Directed,implemented_by
OpenSSL 3.0.17,ecdh_x448 / TLS_AES_256_GCM_SHA384 / rsa_pss_rsae_sha384,Directed,negotiates
ecdh_x448 / TLS_AES_256_GCM_SHA384 / rsa_pss_rsae_sha384,ecdh_x448,Directed,uses
ecdh_x448 / TLS_AES_256_GCM_SHA384 / rsa_pss_rsae_sha384,aes-256,Directed,uses
ecdh_x448 / TLS_AES_256_GCM_SHA384 / rsa_pss_rsae_sha384,sha-384,Directed,uses
ecdh_x448 / TLS_AES_256_GCM_SHA384 / rsa_pss_rsae_sha384,rsa-2048,Directed,uses
ecdh_x448 / TLS_AES_256_GCM_SHA384 / rsa_pss_rsae_sha384,sha-384,Directed,uses
Local_Research_Node,Data In Transit,Directed,contains
Data In Transit,TLS 1.3,Directed,carries
TLS 1.3,OpenSSL 3.0.17,Directed,implemented_by
OpenSSL 3.0.17,ecdh_x448 / TLS_AES_256_GCM_SHA384 / ed448,Directed,negotiates
ecdh_x448 / TLS_AES_256_GCM_SHA384 / ed448,ecdh_x448,Directed,uses
ecdh_x448 / TLS_AES_256_GCM_SHA384 / ed448,aes-256,Directed,uses
ecdh_x448 / TLS_AES_256_GCM_SHA384 / ed448,sha-384,Directed,uses
ecdh_x448 / TLS_AES_256_GCM_SHA384 / ed448,ed448,Directed,uses
ecdh_x448 / TLS_AES_256_GCM_SHA384 / ed448,shake256,Directed,uses
Local_Research_Node,Data In Transit,Directed,contains
Data In Transit,TLS 1.3,Directed,carries
TLS 1.3,OpenSSL 3.0.17,Directed,implemented_by
OpenSSL 3.0.17,ecdh_x448 / TLS_AES_256_GCM_SHA384 / rsa_pss_rsae_sha512,Directed,negotiates
ecdh_x448 / TLS_AES_256_GCM_SHA384 / rsa_pss_rsae_sha512,ecdh_x448,Directed,uses
ecdh_x448 / TLS_AES_256_GCM_SHA384 / rsa_pss_rsae_sha512,aes-256,Directed,uses
ecdh_x448 / TLS_AES_256_GCM_SHA384 / rsa_pss_rsae_sha512,sha-384,Directed,uses
ecdh_x448 / TLS_AES_256_GCM_SHA384 / rsa_pss_rsae_sha512,rsa-2048,Directed,uses
ecdh_x448 / TLS_AES_256_GCM_SHA384 / rsa_pss_rsae_sha512,sha-512,Directed,uses
Local_Research_Node,Data In Transit,Directed,contains
Data In Transit,TLS 1.3,Directed,carries
TLS 1.3,OpenSSL 3.0.17,Directed,implemented_by
OpenSSL 3.0.17,ffdhe6144 / TLS_AES_128_GCM_SHA256 / ecdsa_secp521r1_sha512,Directed,negotiates
ffdhe6144 / TLS_AES_128_GCM_SHA256 / ecdsa_secp521r1_sha512,ffdhe6144_supported,Directed,uses
ffdhe6144 / TLS_AES_128_GCM_SHA256 / ecdsa_secp521r1_sha512,aes-128,Directed,uses
ffdhe6144 / TLS_AES_128_GCM_SHA256 / ecdsa_secp521r1_sha512,sha-256,Directed,uses
ffdhe6144 / TLS_AES_128_GCM_SHA256 / ecdsa_secp521r1_sha512,ecdsa_secp521r1,Directed,uses
ffdhe6144 / TLS_AES_128_GCM_SHA256 / ecdsa_secp521r1_sha512,sha-512,Directed,uses
Local_Research_Node,Data In Transit,Directed,contains
Data In Transit,TLS 1.3,Directed,carries
TLS 1.3,OpenSSL 3.0.17,Directed,implemented_by
OpenSSL 3.0.17,ffdhe6144 / TLS_AES_128_GCM_SHA256 / rsa_pss_rsae_sha256,Directed,negotiates
ffdhe6144 / TLS_AES_128_GCM_SHA256 / rsa_pss_rsae_sha256,ffdhe6144_supported,Directed,uses
ffdhe6144 / TLS_AES_128_GCM_SHA256 / rsa_pss_rsae_sha256,aes-128,Directed,uses
ffdhe6144 / TLS_AES_128_GCM_SHA256 / rsa_pss_rsae_sha256,sha-256,Directed,uses
ffdhe6144 / TLS_AES_128_GCM_SHA256 / rsa_pss_rsae_sha256,rsa-2048,Directed,uses
ffdhe6144 / TLS_AES_128_GCM_SHA256 / rsa_pss_rsae_sha256,sha-256,Directed,uses
Local_Research_Node,Data In Transit,Directed,contains
Data In Transit,TLS 1.3,Directed,carries
TLS 1.3,OpenSSL 3.0.17,Directed,implemented_by
OpenSSL 3.0.17,ffdhe6144 / TLS_AES_128_GCM_SHA256 / ed25519,Directed,negotiates
ffdhe6144 / TLS_AES_128_GCM_SHA256 / ed25519,ffdhe6144_supported,Directed,uses
ffdhe6144 / TLS_AES_128_GCM_SHA256 / ed25519,aes-128,Directed,uses
ffdhe6144 / TLS_AES_128_GCM_SHA256 / ed25519,sha-256,Directed,uses
ffdhe6144 / TLS_AES_128_GCM_SHA256 / ed25519,ed25519,Directed,uses
ffdhe6144 / TLS_AES_128_GCM_SHA256 / ed25519,sha-512,Directed,uses
Local_Research_Node,Data In Transit,Directed,contains
Data In Transit,TLS 1.3,Directed,carries
TLS 1.3,OpenSSL 3.0.17,Directed,implemented_by
OpenSSL 3.0.17,ffdhe6144 / TLS_AES_128_GCM_SHA256 / ecdsa_secp256r1_sha256,Directed,negotiates
ffdhe6144 / TLS_AES_128_GCM_SHA256 / ecdsa_secp256r1_sha256,ffdhe6144_supported,Directed,uses
ffdhe6144 / TLS_AES_128_GCM_SHA256 / ecdsa_secp256r1_sha256,aes-128,Directed,uses
ffdhe6144 / TLS_AES_128_GCM_SHA256 / ecdsa_secp256r1_sha256,sha-256,Directed,uses
ffdhe6144 / TLS_AES_128_GCM_SHA256 / ecdsa_secp256r1_sha256,ecdsa_secp256r1,Directed,uses
ffdhe6144 / TLS_AES_128_GCM_SHA256 / ecdsa_secp256r1_sha256,sha-256,Directed,uses
Local_Research_Node,Data In Transit,Directed,contains
Data In Transit,TLS 1.3,Directed,carries
TLS 1.3,OpenSSL 3.0.17,Directed,implemented_by
OpenSSL 3.0.17,ffdhe6144 / TLS_AES_128_GCM_SHA256 / ecdsa_secp384r1_sha384,Directed,negotiates
ffdhe6144 / TLS_AES_128_GCM_SHA256 / ecdsa_secp384r1_sha384,ffdhe6144_supported,Directed,uses
ffdhe6144 / TLS_AES_128_GCM_SHA256 / ecdsa_secp384r1_sha384,aes-128,Directed,uses
ffdhe6144 / TLS_AES_128_GCM_SHA256 / ecdsa_secp384r1_sha384,sha-256,Directed,uses
ffdhe6144 / TLS_AES_128_GCM_SHA256 / ecdsa_secp384r1_sha384,ecdsa_secp384r1,Directed,uses
ffdhe6144 / TLS_AES_128_GCM_SHA256 / ecdsa_secp384r1_sha384,sha-384,Directed,uses
Local_Research_Node,Data In Transit,Directed,contains
Data In Transit,TLS 1.3,Directed,carries
TLS 1.3,OpenSSL 3.0.17,Directed,implemented_by
OpenSSL 3.0.17,ffdhe6144 / TLS_AES_128_GCM_SHA256 / rsa_pss_rsae_sha384,Directed,negotiates
ffdhe6144 / TLS_AES_128_GCM_SHA256 / rsa_pss_rsae_sha384,ffdhe6144_supported,Directed,uses
ffdhe6144 / TLS_AES_128_GCM_SHA256 / rsa_pss_rsae_sha384,aes-128,Directed,uses
ffdhe6144 / TLS_AES_128_GCM_SHA256 / rsa_pss_rsae_sha384,sha-256,Directed,uses
ffdhe6144 / TLS_AES_128_GCM_SHA256 / rsa_pss_rsae_sha384,rsa-2048,Directed,uses
ffdhe6144 / TLS_AES_128_GCM_SHA256 / rsa_pss_rsae_sha384,sha-384,Directed,uses
Local_Research_Node,Data In Transit,Directed,contains
Data In Transit,TLS 1.3,Directed,carries
TLS 1.3,OpenSSL 3.0.17,Directed,implemented_by
OpenSSL 3.0.17,ffdhe6144 / TLS_AES_128_GCM_SHA256 / ed448,Directed,negotiates
ffdhe6144 / TLS_AES_128_GCM_SHA256 / ed448,ffdhe6144_supported,Directed,uses
ffdhe6144 / TLS_AES_128_GCM_SHA256 / ed448,aes-128,Directed,uses
ffdhe6144 / TLS_AES_128_GCM_SHA256 / ed448,sha-256,Directed,uses
ffdhe6144 / TLS_AES_128_GCM_SHA256 / ed448,ed448,Directed,uses
ffdhe6144 / TLS_AES_128_GCM_SHA256 / ed448,shake256,Directed,uses
Local_Research_Node,Data In Transit,Directed,contains
Data In Transit,TLS 1.3,Directed,carries
TLS 1.3,OpenSSL 3.0.17,Directed,implemented_by
OpenSSL 3.0.17,ffdhe6144 / TLS_AES_128_GCM_SHA256 / rsa_pss_rsae_sha512,Directed,negotiates
ffdhe6144 / TLS_AES_128_GCM_SHA256 / rsa_pss_rsae_sha512,ffdhe6144_supported,Directed,uses
ffdhe6144 / TLS_AES_128_GCM_SHA256 / rsa_pss_rsae_sha512,aes-128,Directed,uses
ffdhe6144 / TLS_AES_128_GCM_SHA256 / rsa_pss_rsae_sha512,sha-256,Directed,uses
ffdhe6144 / TLS_AES_128_GCM_SHA256 / rsa_pss_rsae_sha512,rsa-2048,Directed,uses
ffdhe6144 / TLS_AES_128_GCM_SHA256 / rsa_pss_rsae_sha512,sha-512,Directed,uses
Local_Research_Node,Data In Transit,Directed,contains
Data In Transit,TLS 1.3,Directed,carries
TLS 1.3,OpenSSL 3.0.17,Directed,implemented_by
OpenSSL 3.0.17,ffdhe6144 / TLS_CHACHA20_POLY1305_SHA256 / ecdsa_secp521r1_sha512,Directed,negotiates
ffdhe6144 / TLS_CHACHA20_POLY1305_SHA256 / ecdsa_secp521r1_sha512,ffdhe6144_supported,Directed,uses
ffdhe6144 / TLS_CHACHA20_POLY1305_SHA256 / ecdsa_secp521r1_sha512,chacha20,Directed,uses
ffdhe6144 / TLS_CHACHA20_POLY1305_SHA256 / ecdsa_secp521r1_sha512,sha-256,Directed,uses
ffdhe6144 / TLS_CHACHA20_POLY1305_SHA256 / ecdsa_secp521r1_sha512,ecdsa_secp521r1,Directed,uses
ffdhe6144 / TLS_CHACHA20_POLY1305_SHA256 / ecdsa_secp521r1_sha512,sha-512,Directed,uses
Local_Research_Node,Data In Transit,Directed,contains
Data In Transit,TLS 1.3,Directed,carries
TLS 1.3,OpenSSL 3.0.17,Directed,implemented_by
OpenSSL 3.0.17,ffdhe6144 / TLS_CHACHA20_POLY1305_SHA256 / rsa_pss_rsae_sha256,Directed,negotiates
ffdhe6144 / TLS_CHACHA20_POLY1305_SHA256 / rsa_pss_rsae_sha256,ffdhe6144_supported,Directed,uses
ffdhe6144 / TLS_CHACHA20_POLY1305_SHA256 / rsa_pss_rsae_sha256,chacha20,Directed,uses
ffdhe6144 / TLS_CHACHA20_POLY1305_SHA256 / rsa_pss_rsae_sha256,sha-256,Directed,uses
ffdhe6144 / TLS_CHACHA20_POLY1305_SHA256 / rsa_pss_rsae_sha256,rsa-2048,Directed,uses
ffdhe6144 / TLS_CHACHA20_POLY1305_SHA256 / rsa_pss_rsae_sha256,sha-256,Directed,uses
Local_Research_Node,Data In Transit,Directed,contains
Data In Transit,TLS 1.3,Directed,carries
TLS 1.3,OpenSSL 3.0.17,Directed,implemented_by
OpenSSL 3.0.17,ffdhe6144 / TLS_CHACHA20_POLY1305_SHA256 / ed25519,Directed,negotiates
ffdhe6144 / TLS_CHACHA20_POLY1305_SHA256 / ed25519,ffdhe6144_supported,Directed,uses
ffdhe6144 / TLS_CHACHA20_POLY1305_SHA256 / ed25519,chacha20,Directed,uses
ffdhe6144 / TLS_CHACHA20_POLY1305_SHA256 / ed25519,sha-256,Directed,uses
ffdhe6144 / TLS_CHACHA20_POLY1305_SHA256 / ed25519,ed25519,Directed,uses
ffdhe6144 / TLS_CHACHA20_POLY1305_SHA256 / ed25519,sha-512,Directed,uses
Local_Research_Node,Data In Transit,Directed,contains
Data In Transit,TLS 1.3,Directed,carries
TLS 1.3,OpenSSL 3.0.17,Directed,implemented_by
OpenSSL 3.0.17,ffdhe6144 / TLS_CHACHA20_POLY1305_SHA256 / ecdsa_secp256r1_sha256,Directed,negotiates
ffdhe6144 / TLS_CHACHA20_POLY1305_SHA256 / ecdsa_secp256r1_sha256,ffdhe6144_supported,Directed,uses
ffdhe6144 / TLS_CHACHA20_POLY1305_SHA256 / ecdsa_secp256r1_sha256,chacha20,Directed,uses
ffdhe6144 / TLS_CHACHA20_POLY1305_SHA256 / ecdsa_secp256r1_sha256,sha-256,Directed,uses
ffdhe6144 / TLS_CHACHA20_POLY1305_SHA256 / ecdsa_secp256r1_sha256,ecdsa_secp256r1,Directed,uses
ffdhe6144 / TLS_CHACHA20_POLY1305_SHA256 / ecdsa_secp256r1_sha256,sha-256,Directed,uses
Local_Research_Node,Data In Transit,Directed,contains
Data In Transit,TLS 1.3,Directed,carries
TLS 1.3,OpenSSL 3.0.17,Directed,implemented_by
OpenSSL 3.0.17,ffdhe6144 / TLS_CHACHA20_POLY1305_SHA256 / ecdsa_secp384r1_sha384,Directed,negotiates
ffdhe6144 / TLS_CHACHA20_POLY1305_SHA256 / ecdsa_secp384r1_sha384,ffdhe6144_supported,Directed,uses
ffdhe6144 / TLS_CHACHA20_POLY1305_SHA256 / ecdsa_secp384r1_sha384,chacha20,Directed,uses
ffdhe6144 / TLS_CHACHA20_POLY1305_SHA256 / ecdsa_secp384r1_sha384,sha-256,Directed,uses
ffdhe6144 / TLS_CHACHA20_POLY1305_SHA256 / ecdsa_secp384r1_sha384,ecdsa_secp384r1,Directed,uses
ffdhe6144 / TLS_CHACHA20_POLY1305_SHA256 / ecdsa_secp384r1_sha384,sha-384,Directed,uses
Local_Research_Node,Data In Transit,Directed,contains
Data In Transit,TLS 1.3,Directed,carries
TLS 1.3,OpenSSL 3.0.17,Directed,implemented_by
OpenSSL 3.0.17,ffdhe6144 / TLS_CHACHA20_POLY1305_SHA256 / rsa_pss_rsae_sha384,Directed,negotiates
ffdhe6144 / TLS_CHACHA20_POLY1305_SHA256 / rsa_pss_rsae_sha384,ffdhe6144_supported,Directed,uses
ffdhe6144 / TLS_CHACHA20_POLY1305_SHA256 / rsa_pss_rsae_sha384,chacha20,Directed,uses
ffdhe6144 / TLS_CHACHA20_POLY1305_SHA256 / rsa_pss_rsae_sha384,sha-256,Directed,uses
ffdhe6144 / TLS_CHACHA20_POLY1305_SHA256 / rsa_pss_rsae_sha384,rsa-2048,Directed,uses
ffdhe6144 / TLS_CHACHA20_POLY1305_SHA256 / rsa_pss_rsae_sha384,sha-384,Directed,uses
Local_Research_Node,Data In Transit,Directed,contains
Data In Transit,TLS 1.3,Directed,carries
TLS 1.3,OpenSSL 3.0.17,Directed,implemented_by
OpenSSL 3.0.17,ffdhe6144 / TLS_CHACHA20_POLY1305_SHA256 / ed448,Directed,negotiates
ffdhe6144 / TLS_CHACHA20_POLY1305_SHA256 / ed448,ffdhe6144_supported,Directed,uses
ffdhe6144 / TLS_CHACHA20_POLY1305_SHA256 / ed448,chacha20,Directed,uses
ffdhe6144 / TLS_CHACHA20_POLY1305_SHA256 / ed448,sha-256,Directed,uses
ffdhe6144 / TLS_CHACHA20_POLY1305_SHA256 / ed448,ed448,Directed,uses
ffdhe6144 / TLS_CHACHA20_POLY1305_SHA256 / ed448,shake256,Directed,uses
Local_Research_Node,Data In Transit,Directed,contains
Data In Transit,TLS 1.3,Directed,carries
TLS 1.3,OpenSSL 3.0.17,Directed,implemented_by
OpenSSL 3.0.17,ffdhe6144 / TLS_CHACHA20_POLY1305_SHA256 / rsa_pss_rsae_sha512,Directed,negotiates
ffdhe6144 / TLS_CHACHA20_POLY1305_SHA256 / rsa_pss_rsae_sha512,ffdhe6144_supported,Directed,uses
ffdhe6144 / TLS_CHACHA20_POLY1305_SHA256 / rsa_pss_rsae_sha512,chacha20,Directed,uses
ffdhe6144 / TLS_CHACHA20_POLY1305_SHA256 / rsa_pss_rsae_sha512,sha-256,Directed,uses
ffdhe6144 / TLS_CHACHA20_POLY1305_SHA256 / rsa_pss_rsae_sha512,rsa-2048,Directed,uses
ffdhe6144 / TLS_CHACHA20_POLY1305_SHA256 / rsa_pss_rsae_sha512,sha-512,Directed,uses
Local_Research_Node,Data In Transit,Directed,contains
Data In Transit,TLS 1.3,Directed,carries
TLS 1.3,OpenSSL 3.0.17,Directed,implemented_by
OpenSSL 3.0.17,ffdhe6144 / TLS_AES_256_GCM_SHA384 / ecdsa_secp521r1_sha512,Directed,negotiates
ffdhe6144 / TLS_AES_256_GCM_SHA384 / ecdsa_secp521r1_sha512,ffdhe6144_supported,Directed,uses
ffdhe6144 / TLS_AES_256_GCM_SHA384 / ecdsa_secp521r1_sha512,aes-256,Directed,uses
ffdhe6144 / TLS_AES_256_GCM_SHA384 / ecdsa_secp521r1_sha512,sha-384,Directed,uses
ffdhe6144 / TLS_AES_256_GCM_SHA384 / ecdsa_secp521r1_sha512,ecdsa_secp521r1,Directed,uses
ffdhe6144 / TLS_AES_256_GCM_SHA384 / ecdsa_secp521r1_sha512,sha-512,Directed,uses
Local_Research_Node,Data In Transit,Directed,contains
Data In Transit,TLS 1.3,Directed,carries
TLS 1.3,OpenSSL 3.0.17,Directed,implemented_by
OpenSSL 3.0.17,ffdhe6144 / TLS_AES_256_GCM_SHA384 / rsa_pss_rsae_sha256,Directed,negotiates
ffdhe6144 / TLS_AES_256_GCM_SHA384 / rsa_pss_rsae_sha256,ffdhe6144_supported,Directed,uses
ffdhe6144 / TLS_AES_256_GCM_SHA384 / rsa_pss_rsae_sha256,aes-256,Directed,uses
ffdhe6144 / TLS_AES_256_GCM_SHA384 / rsa_pss_rsae_sha256,sha-384,Directed,uses
ffdhe6144 / TLS_AES_256_GCM_SHA384 / rsa_pss_rsae_sha256,rsa-2048,Directed,uses
ffdhe6144 / TLS_AES_256_GCM_SHA384 / rsa_pss_rsae_sha256,sha-256,Directed,uses
Local_Research_Node,Data In Transit,Directed,contains
Data In Transit,TLS 1.3,Directed,carries
TLS 1.3,OpenSSL 3.0.17,Directed,implemented_by
OpenSSL 3.0.17,ffdhe6144 / TLS_AES_256_GCM_SHA384 / ed25519,Directed,negotiates
ffdhe6144 / TLS_AES_256_GCM_SHA384 / ed25519,ffdhe6144_supported,Directed,uses
ffdhe6144 / TLS_AES_256_GCM_SHA384 / ed25519,aes-256,Directed,uses
ffdhe6144 / TLS_AES_256_GCM_SHA384 / ed25519,sha-384,Directed,uses
ffdhe6144 / TLS_AES_256_GCM_SHA384 / ed25519,ed25519,Directed,uses
ffdhe6144 / TLS_AES_256_GCM_SHA384 / ed25519,sha-512,Directed,uses
Local_Research_Node,Data In Transit,Directed,contains
Data In Transit,TLS 1.3,Directed,carries
TLS 1.3,OpenSSL 3.0.17,Directed,implemented_by
OpenSSL 3.0.17,ffdhe6144 / TLS_AES_256_GCM_SHA384 / ecdsa_secp256r1_sha256,Directed,negotiates
ffdhe6144 / TLS_AES_256_GCM_SHA384 / ecdsa_secp256r1_sha256,ffdhe6144_supported,Directed,uses
ffdhe6144 / TLS_AES_256_GCM_SHA384 / ecdsa_secp256r1_sha256,aes-256,Directed,uses
ffdhe6144 / TLS_AES_256_GCM_SHA384 / ecdsa_secp256r1_sha256,sha-384,Directed,uses
ffdhe6144 / TLS_AES_256_GCM_SHA384 / ecdsa_secp256r1_sha256,ecdsa_secp256r1,Directed,uses
ffdhe6144 / TLS_AES_256_GCM_SHA384 / ecdsa_secp256r1_sha256,sha-256,Directed,uses
Local_Research_Node,Data In Transit,Directed,contains
Data In Transit,TLS 1.3,Directed,carries
TLS 1.3,OpenSSL 3.0.17,Directed,implemented_by
OpenSSL 3.0.17,ffdhe6144 / TLS_AES_256_GCM_SHA384 / ecdsa_secp384r1_sha384,Directed,negotiates
ffdhe6144 / TLS_AES_256_GCM_SHA384 / ecdsa_secp384r1_sha384,ffdhe6144_supported,Directed,uses
ffdhe6144 / TLS_AES_256_GCM_SHA384 / ecdsa_secp384r1_sha384,aes-256,Directed,uses
ffdhe6144 / TLS_AES_256_GCM_SHA384 / ecdsa_secp384r1_sha384,sha-384,Directed,uses
ffdhe6144 / TLS_AES_256_GCM_SHA384 / ecdsa_secp384r1_sha384,ecdsa_secp384r1,Directed,uses
ffdhe6144 / TLS_AES_256_GCM_SHA384 / ecdsa_secp384r1_sha384,sha-384,Directed,uses
Local_Research_Node,Data In Transit,Directed,contains
Data In Transit,TLS 1.3,Directed,carries
TLS 1.3,OpenSSL 3.0.17,Directed,implemented_by
OpenSSL 3.0.17,ffdhe6144 / TLS_AES_256_GCM_SHA384 / rsa_pss_rsae_sha384,Directed,negotiates
ffdhe6144 / TLS_AES_256_GCM_SHA384 / rsa_pss_rsae_sha384,ffdhe6144_supported,Directed,uses
ffdhe6144 / TLS_AES_256_GCM_SHA384 / rsa_pss_rsae_sha384,aes-256,Directed,uses
ffdhe6144 / TLS_AES_256_GCM_SHA384 / rsa_pss_rsae_sha384,sha-384,Directed,uses
ffdhe6144 / TLS_AES_256_GCM_SHA384 / rsa_pss_rsae_sha384,rsa-2048,Directed,uses
ffdhe6144 / TLS_AES_256_GCM_SHA384 / rsa_pss_rsae_sha384,sha-384,Directed,uses
Local_Research_Node,Data In Transit,Directed,contains
Data In Transit,TLS 1.3,Directed,carries
TLS 1.3,OpenSSL 3.0.17,Directed,implemented_by
OpenSSL 3.0.17,ffdhe6144 / TLS_AES_256_GCM_SHA384 / ed448,Directed,negotiates
ffdhe6144 / TLS_AES_256_GCM_SHA384 / ed448,ffdhe6144_supported,Directed,uses
ffdhe6144 / TLS_AES_256_GCM_SHA384 / ed448,aes-256,Directed,uses
ffdhe6144 / TLS_AES_256_GCM_SHA384 / ed448,sha-384,Directed,uses
ffdhe6144 / TLS_AES_256_GCM_SHA384 / ed448,ed448,Directed,uses
ffdhe6144 / TLS_AES_256_GCM_SHA384 / ed448,shake256,Directed,uses
Local_Research_Node,Data In Transit,Directed,contains
Data In Transit,TLS 1.3,Directed,carries
TLS 1.3,OpenSSL 3.0.17,Directed,implemented_by
OpenSSL 3.0.17,ffdhe6144 / TLS_AES_256_GCM_SHA384 / rsa_pss_rsae_sha512,Directed,negotiates
ffdhe6144 / TLS_AES_256_GCM_SHA384 / rsa_pss_rsae_sha512,ffdhe6144_supported,Directed,uses
ffdhe6144 / TLS_AES_256_GCM_SHA384 / rsa_pss_rsae_sha512,aes-256,Directed,uses
ffdhe6144 / TLS_AES_256_GCM_SHA384 / rsa_pss_rsae_sha512,sha-384,Directed,uses
ffdhe6144 / TLS_AES_256_GCM_SHA384 / rsa_pss_rsae_sha512,rsa-2048,Directed,uses
ffdhe6144 / TLS_AES_256_GCM_SHA384 / rsa_pss_rsae_sha512,sha-512,Directed,uses
